id,plate,lat,lon,energyLevel,retrieved_datestamp,retrieved_timestamp
0037776f-9bf3-4e69-a5d0-e24122485abb,HT6 45P,49.269019,-123.250814,52,2021/06/23,10:20:22
0053b676-d0be-4308-b878-a850450aa05e,EV0 14X,49.245449,-123.172928,25,2021/06/23,10:20:22
00f3eaf5-64a3-49c2-914c-deb30cf1f1e9,FS7 25K,49.246343,-123.123969,94,2021/06/23,10:20:22
013af429-5aaf-4ccc-acd9-33ab779a0c92,EV0 89B,49.284006,-123.110337,42,2021/06/23,10:20:22
01d2e626-3210-405b-a4a9-7e6a4717939f,DN6 85K,49.308881,-123.005669,33,2021/06/23,10:20:22
01dd3f2a-8507-4662-9ed5-bc518b65ec7a,HT6 37P,49.259937,-123.253607,37,2021/06/23,10:20:22
01f1a950-3966-42f5-926b-5149355eb1b8,HM8 20D,49.262107,-123.212605,48,2021/06/23,10:20:22
02036216-560d-4d3b-bc6f-df2ce8c8949e,EV0 18B,49.213918,-122.937315,45,2021/06/23,10:20:22
02821bb1-eba9-4ec2-828f-0f723dbe4f7e,DN7 48K,49.251189,-123.191766,96,2021/06/23,10:20:22
0285bf2b-859f-44b2-93c9-359563a77532,DN6 89K,49.281764,-123.115896,97,2021/06/23,10:20:22
02dd1237-1a28-4af4-8479-2ee2895fb2af,CR2 09N,49.265038,-123.257852,27,2021/06/23,10:20:22
034cefc8-91b1-4ace-9625-c76e57b00e05,HE3 46J,49.26431,-123.023809,85,2021/06/23,10:20:22
03bd1ff4-f52b-44c3-91c3-6557c8b77865,HG1 13M,49.280694,-123.10976,97,2021/06/23,10:20:22
04aad396-f018-4215-b126-3d46943afd37,BE2 88P,49.272804,-123.208845,84,2021/06/23,10:20:22
04cc8e49-a7be-4faa-84f5-a69799b6ccd4,DN7 41K,49.232022,-123.061343,93,2021/06/23,10:20:22
06a5b7ef-f063-41e0-ad19-5aaf44f75f54,CH6 19A,49.274283,-123.212774,31,2021/06/23,10:20:22
06abb3a0-d394-4f5e-9702-f09ecc9bee56,EV0 86B,49.319045,-123.075443,18,2021/06/23,10:20:22
06c31d9a-4361-4a58-979f-f1ee276187ca,BE3 10P,49.217117,-123.038651,96,2021/06/23,10:20:22
06c34b1b-e94f-49e6-b1a7-4ece8b4769c5,CR2 35N,49.320394,-123.10069,81,2021/06/23,10:20:22
080d3f6e-ef3e-4880-b53b-18e7b5b1acb4,EV0 67A,49.277333,-122.909759,93,2021/06/23,10:20:22
08665b4f-bd12-4a4b-9e6a-0bfc66da0f89,HM7 90D,49.313392,-123.049699,81,2021/06/23,10:20:22
087b74d1-3516-440b-a982-babc2350e6dc,EV0 01X,49.322359,-123.095666,67,2021/06/23,10:20:22
08bb16af-6043-442a-a8d6-c9a5841af69c,HG2 62M,49.216863,-123.10157,46,2021/06/23,10:20:22
08de9b16-f548-4273-9fe2-199d5e1ac981,DN7 30K,49.370633,-123.09816,60,2021/06/23,10:20:22
08e657a7-d834-4bd8-b7f3-d043156f42e8,EV0 57A,49.239483,-123.028667,73,2021/06/23,10:20:22
0911905b-2e3a-4804-902c-c35079fb0291,CH6 29A,49.285112,-123.117189,97,2021/06/23,10:20:22
091bf03d-9d69-4bda-a99e-4d656f838801,CH5 85A,49.212153,-123.055159,69,2021/06/23,10:20:22
0950efb5-b45c-481f-9c97-8486d1e5e1ed,DN8 60K,49.266034,-123.258419,96,2021/06/23,10:20:22
095f92c8-42cd-4998-a501-abd9af9d1e45,HG1 72M,49.282831,-123.085985,97,2021/06/23,10:20:22
09635557-22f1-40dd-8d3c-d8a8b4380649,EV0 80A,49.283385,-123.111166,30,2021/06/23,10:20:22
0969f4d7-3030-43fd-a3b8-bf07d1875306,DN8 58K,49.209034,-123.072348,88,2021/06/23,10:20:22
098f9c32-05e3-42d8-8931-8fc180db050f,BE2 84P,49.276653,-122.909971,42,2021/06/23,10:20:22
09a7a45f-2b94-4b74-9bca-fc149bf299ee,CR2 66N,49.203471,-122.905964,78,2021/06/23,10:20:22
09d46228-e881-4acc-82ff-4fc0a0c4cd24,FS7 28K,49.204834,-122.905086,81,2021/06/23,10:20:22
09e08325-2beb-4088-a3e8-41c6b6c36598,HG1 24M,49.207181,-123.134614,43,2021/06/23,10:20:22
0a127a20-f374-421b-afa1-7b37ee10c0bd,FS7 55K,49.323578,-123.099521,30,2021/06/23,10:20:22
0a17ede7-823c-4062-b4b6-2964505808dc,EV0 83B,49.315073,-123.083524,34,2021/06/23,10:20:22
0aa0f404-0301-4bac-8ce4-31b93f019800,BE2 89P,49.322098,-123.099391,70,2021/06/23,10:20:22
0b336042-f0cf-4a80-be95-a4df460d25fb,HG1 61M,49.264399,-123.117559,97,2021/06/23,10:20:22
0b828335-8b35-440e-95fd-24effad6fe36,AE0 76K,49.265748,-123.258002,42,2021/06/23,10:20:22
0bdfba4e-aa7d-4f83-aae2-9336fd2ca2c1,BE3 35P,49.331221,-123.093453,39,2021/06/23,10:20:22
0be19fb1-0ad9-4374-879a-06877358fd67,EV0 06B,49.318974,-123.070622,97,2021/06/23,10:20:22
0ccd9f23-7b50-4a62-9215-8ffc1850998e,HG2 07M,49.331053,-123.093111,69,2021/06/23,10:20:22
0cdbfb34-abdf-4846-a379-7865133d528c,CH6 45A,49.246328,-123.12341,12,2021/06/23,10:20:22
0d52f6ba-b966-4d04-b0a3-75de88c89049,EV0 25X,49.262479,-123.254595,94,2021/06/23,10:20:22
0da8919e-3df8-4845-aef8-b1490a7ba245,CH6 87A,49.259276,-123.208604,76,2021/06/23,10:20:22
0e188e74-a3cc-4da6-bbe7-cff78811102a,HG2 11M,49.261334,-123.133857,97,2021/06/23,10:20:22
0e65714e-df2b-45e8-99f4-5047d75772fb,EV0 04X,49.283581,-123.088618,97,2021/06/23,10:20:22
0ecf3712-bd9c-49ca-b36e-f36296a02c41,CR3 40N,49.284024,-123.107644,16,2021/06/23,10:20:22
0f3f005c-52fa-43fb-96a5-8b99c4c5a343,DN8 66K,49.308385,-123.039986,12,2021/06/23,10:20:22
0f6d28ca-235e-4388-907f-a4996794fd3a,CR2 39N,49.322308,-123.092425,81,2021/06/23,10:20:22
0f8dd103-8dca-4743-a1ae-49f4a2f7912e,HE3 49J,49.217656,-123.104242,96,2021/06/23,10:20:22
0fcd1024-aed7-4aea-b9fa-3b814d818c3e,EV0 20A,49.316667,-123.098994,19,2021/06/23,10:20:22
10022e57-8885-4a98-b065-a71256669ce5,EV0 87X,49.264883,-123.030443,94,2021/06/23,10:20:22
102174e8-127c-4a19-be88-e6bbe36a208e,HG2 57M,49.32588,-123.135905,45,2021/06/23,10:20:22
105671e1-172d-45ed-8b63-2fad8085d8c2,HG2 64M,49.259837,-123.209231,58,2021/06/23,10:20:22
107c3d2f-8883-4e10-9a2a-973168d76645,HE3 16J,49.260078,-123.250074,76,2021/06/23,10:20:22
10a2e148-8338-465a-ad2b-aafc46208793,HT6 41P,49.225552,-123.035075,48,2021/06/23,10:20:22
11127b66-e156-4f59-9ea8-deb8d9da19f0,DN8 93K,49.314634,-123.098192,67,2021/06/23,10:20:22
11c91910-56cb-4198-b27f-316f4be1c49e,DN9 14K,49.238141,-123.129529,28,2021/06/23,10:20:22
122cb4dc-337d-4940-a131-83f620f8df06,HM8 08D,49.252284,-123.03776,52,2021/06/23,10:20:22
12531f42-2a80-491c-b4d8-23f42eeeb62f,EV0 48C,49.269584,-123.19029,27,2021/06/23,10:20:22
128a0d04-b237-4abd-afc9-57e4d67f4983,HG1 38M,49.283942,-123.088933,63,2021/06/23,10:20:22
13063aac-1b7d-45f4-9cb1-9b96e9354bed,CH6 50A,49.267589,-123.257511,19,2021/06/23,10:20:22
133c1c52-169c-40f2-9d01-379f7b3f1079,DN8 54K,49.249383,-123.183563,21,2021/06/23,10:20:22
13cbc39c-a562-4658-ba50-5dce7a6d96c8,EV0 40X,49.26503,-123.257797,57,2021/06/23,10:20:22
13f9e4b1-486f-4a31-997f-5065015bb884,CR2 28N,49.271392,-123.034936,40,2021/06/23,10:20:22
14b0628c-0cff-4dce-8bac-02ae2b7df44b,CH6 51A,49.225831,-123.067034,33,2021/06/23,10:20:22
14db2e67-c256-48ce-982b-cf5865b5515f,BV2 82D,49.191563,-123.151877,43,2021/06/23,10:20:22
1547d44b-0aae-4fd7-b67c-2956da98278f,HM8 00D,49.247542,-123.073403,67,2021/06/23,10:20:22
155a7d4c-f6b1-4373-b560-d7a69f2e0aba,HM7 87D,49.26982,-123.14282,79,2021/06/23,10:20:22
165fb68c-e772-4753-94b6-f39b93d4c0d0,EV0 77B,49.282203,-123.115491,27,2021/06/23,10:20:22
166eab54-e7a4-49af-8a89-11bab06361ff,EV0 18C,49.254447,-123.00366,64,2021/06/23,10:20:22
16d94261-6545-438a-9a38-2115e65126a8,DN8 75K,49.283098,-123.091102,45,2021/06/23,10:20:22
174c831e-0239-4c03-ae37-1c5f60c125f4,AE2 24K,49.283971,-123.107746,96,2021/06/23,10:20:22
174dd663-1b6c-4d37-9b56-edf9b5c28dac,EV0 96B,49.259679,-123.253406,82,2021/06/23,10:20:22
17993673-c943-438b-94ab-9d02cc3603f2,CH5 76A,49.272356,-123.023795,97,2021/06/23,10:20:22
17a8e416-83a0-4b4a-8895-b101b25c518b,CR2 78N,49.23672,-123.078213,96,2021/06/23,10:20:22
17df3f92-e6c4-4680-b1e6-3807e41965c4,CH5 81A,49.232315,-122.882977,97,2021/06/23,10:20:22
180d5e64-9fc5-40fa-9fb0-d2828d3bc33d,EV0 99B,49.313077,-123.038426,48,2021/06/23,10:20:22
182d6307-6074-4613-b04a-9e53b8d1f5e2,EV0 32B,49.244494,-123.05265,97,2021/06/23,10:20:22
18fbd114-732b-4c7f-be13-a51127ed5e8b,HG1 94M,49.282983,-123.113597,91,2021/06/23,10:20:22
192357fe-9e6d-4089-b88d-166a6134c101,CR3 28N,49.283226,-123.106763,97,2021/06/23,10:20:22
1958d40f-c6fd-4ad3-a59b-dd5f2b2d05a1,BE3 46P,49.260782,-123.24597,45,2021/06/23,10:20:22
19b92c4b-722c-4646-973e-08375dde88cc,EV0 17X,49.270813,-123.209973,97,2021/06/23,10:20:22
19c05156-dfb4-48b2-a554-36777a1cf1d7,HG1 86M,49.245999,-123.065908,94,2021/06/23,10:20:22
19f90ed7-554e-4794-a63f-abf9282de12a,CR2 99N,49.254432,-123.003663,48,2021/06/23,10:20:22
1b6f4793-bf90-4c91-975f-c39eadb857bc,HG1 14M,49.291009,-123.132257,90,2021/06/23,10:20:22
1c3bc7ae-8762-44b2-9e27-a58a2286c048,CH7 08A,49.225171,-122.998801,96,2021/06/23,10:20:22
1cc2e38f-380e-4f21-902d-dca08dd3c03f,BV3 09D,49.281894,-123.109895,33,2021/06/23,10:20:22
1d4166c2-adc6-4627-83ee-f3bf5b649eac,HG2 19M,49.246492,-123.074866,37,2021/06/23,10:20:22
1d91aaf9-162b-4ac6-be5d-afffd20462a8,HE3 42J,49.217127,-123.130736,64,2021/06/23,10:20:22
1dbb9498-0b91-4774-9046-81f6cebe3c43,EV0 53X,49.283946,-123.089851,51,2021/06/23,10:20:22
1ecc64ea-cb7b-46ed-8d35-2037faf33b83,CR2 69N,49.282292,-123.096783,16,2021/06/23,10:20:22
1ee05c87-7d2a-4a8d-897f-34c0c538fe03,HM7 92D,49.315079,-123.094772,15,2021/06/23,10:20:22
1f1e9a07-8d77-46f4-9a0f-7b370eb8721c,CR2 88N,49.262362,-123.254749,24,2021/06/23,10:20:22
1f5ce72e-f554-4e6b-bb39-43dfbaf9a955,BE3 50P,49.225109,-122.998891,96,2021/06/23,10:20:22
1f6935ca-ec39-431d-88d8-02f337759a48,DN7 79K,49.258239,-123.02953,67,2021/06/23,10:20:22
1fce1a90-b079-452b-9917-c53c11986f09,BE2 67P,49.270307,-123.085985,27,2021/06/23,10:20:22
1fd24f49-b276-40c0-9014-0e4fda310ae7,DN7 36K,49.261789,-123.246471,30,2021/06/23,10:20:22
206bb58d-c76d-42f6-9554-37c389a60bb2,BV2 75D,49.26753,-123.257463,91,2021/06/23,10:20:22
20a8cc15-bc0c-4d9e-84df-1f97444ca17c,CH6 01A,49.262429,-123.254651,73,2021/06/23,10:20:22
20d5cefa-4500-4343-85c3-36ed4c8d7283,EV0 47B,49.284798,-123.095259,58,2021/06/23,10:20:22
20ec1622-0d78-467f-8658-475089b63afc,EV0 14C,49.271595,-123.096198,51,2021/06/23,10:20:22
213d8f87-7150-4c19-a1a1-91dca1f966e9,HG2 60M,49.226887,-122.910598,43,2021/06/23,10:20:22
21406302-003d-4f8b-a4eb-e7280b23ba92,CH7 24A,49.276681,-123.074852,19,2021/06/23,10:20:22
215020b6-74ed-4f46-980b-29ed1f5e3cf5,EV0 61A,49.323859,-123.069224,46,2021/06/23,10:20:22
21a517c0-d776-4cfc-b671-b1df79dc7c75,EV0 11B,49.205967,-122.921343,97,2021/06/23,10:20:22
21d801d0-93c0-45f0-82f9-7951b482905c,EV0 21A,49.264999,-123.033884,21,2021/06/23,10:20:22
22795756-6579-462f-83ec-26ddc0f711a0,CH6 84A,49.248271,-123.185282,34,2021/06/23,10:20:22
22917840-c5c9-4494-83be-7c9541c3fe64,HM7 78D,49.265618,-123.110483,87,2021/06/23,10:20:22
229e49c7-04d7-4957-8747-b579765d55e8,HM7 96D,49.248722,-123.071267,97,2021/06/23,10:20:22
231964d2-f949-42fd-873f-1d74325e2814,EV0 38A,49.260352,-123.124348,43,2021/06/23,10:20:22
2336e7dc-d9b3-4840-a0da-4d0f34d4a208,EV0 03B,49.262423,-123.254595,57,2021/06/23,10:20:22
238aa231-e694-4ecf-9896-c9615692b5c0,BE3 02P,49.258274,-123.198402,97,2021/06/23,10:20:22
23c07a49-06c6-4b70-b90d-c92a1694fdc3,EV0 74B,49.286778,-123.120534,58,2021/06/23,10:20:22
246d930d-f7b6-424c-bacd-fabac972ea77,EV0 13X,49.274044,-123.038941,57,2021/06/23,10:20:22
24bd8eea-26e6-4d46-8edb-bd69733528c6,HG2 32M,49.251129,-123.041679,63,2021/06/23,10:20:22
25051756-7ce0-43a2-819e-b93235875c5a,HE3 02J,49.308051,-123.072534,48,2021/06/23,10:20:22
25111879-f8d9-48ad-afc8-fbb50399a5b5,DN7 64K,49.319481,-123.076361,97,2021/06/23,10:20:22
255b9bd9-57f8-4bb4-af9c-9120c337a6c7,AE2 03K,49.254383,-123.003897,52,2021/06/23,10:20:22
25cc0d15-f6c3-4b1a-a2fc-590a4b36607a,EV0 40C,49.277935,-123.081997,97,2021/06/23,10:20:22
26834150-4ab8-47d5-ae25-578f4735bc26,HG2 70M,49.285903,-123.120391,97,2021/06/23,10:20:22
26dd8f67-e360-480d-98f9-e34fe3799e08,HE3 15J,49.248118,-123.124446,39,2021/06/23,10:20:22
26f949ff-e6c2-4a76-a9d2-359cacd58ae0,HM8 27D,49.26005,-123.253654,19,2021/06/23,10:20:22
277e0079-9316-4a98-85fe-415b65ff17d3,DN8 56K,49.260381,-123.059411,81,2021/06/23,10:20:22
27b722e6-ea6e-4952-b62d-1802d26b7e9b,DN7 35K,49.275845,-123.082113,97,2021/06/23,10:20:22
27cdad6c-285f-41db-b12d-4136e8befa26,HG1 48M,49.245261,-123.12022,66,2021/06/23,10:20:22
285915df-089c-4f2c-9f1d-8091c6258898,EV0 72A,49.268841,-123.250734,40,2021/06/23,10:20:22
28ce67ea-0cfc-48fe-84c1-67c941d6b6c4,CH6 69A,49.370757,-123.098042,88,2021/06/23,10:20:22
290389a9-c745-4347-89e3-b0f9bad3eba6,CH6 71A,49.265917,-123.20127,97,2021/06/23,10:20:22
292e2523-3942-4d87-9746-cf2172364cef,HG1 79M,49.262634,-123.136567,96,2021/06/23,10:20:22
293690a7-296d-4876-a755-9bbce90940f2,DN8 14K,49.270543,-123.249158,49,2021/06/23,10:20:22
2972db5b-f0cf-4a15-bc0e-741cdf728c91,EV0 39A,49.278358,-123.123164,34,2021/06/23,10:20:22
29b24283-36af-4bbc-bedd-9b327d3b174a,EV0 44X,49.327979,-123.078514,27,2021/06/23,10:20:22
29eff966-15c1-44d6-8e8f-f6335288b341,CR2 79N,49.2864,-123.122237,19,2021/06/23,10:20:22
2a70bff5-c676-4276-8cef-4bbc255e5e3d,EV0 01A,49.286145,-123.121778,34,2021/06/23,10:20:22
2a7d2f0a-142b-4053-96be-34ab37dcd756,BE2 53P,49.220567,-123.088186,54,2021/06/23,10:20:22
2be1518c-8cbc-4465-a697-71faaf861c97,HE3 48J,49.208983,-123.072128,34,2021/06/23,10:20:22
2c14a4c9-5ca6-4113-ad89-851a7b0cacdc,BV3 18D,49.261865,-123.198204,30,2021/06/23,10:20:22
2c7ace05-bc3a-4ef0-a5a9-0a37e13e427d,DN8 82K,49.216827,-123.109084,51,2021/06/23,10:20:22
2da0c073-6c8c-4328-a92f-a967c0dd50e8,AE1 41K,49.212467,-123.104082,43,2021/06/23,10:20:22
2dc924f4-7bb1-49cd-8b4d-932956db74c0,FS7 42K,49.266058,-123.258515,51,2021/06/23,10:20:22
2e0f6d78-434c-4d6d-8e16-54f105f5c9b0,DN8 27K,49.224451,-122.999225,52,2021/06/23,10:20:22
2ec6b298-1102-422e-94fa-4a5605acdf3e,DN7 62K,49.309442,-123.00462,60,2021/06/23,10:20:22
2edae075-f3a5-4390-8740-2f8fded50a69,CR3 07N,49.309332,-123.044836,78,2021/06/23,10:20:22
2eec16dc-7dd9-4289-b668-b67a0babde6f,HE3 60J,49.230382,-123.171678,97,2021/06/23,10:20:22
2f3b64e7-b07c-49c4-a69b-75c5cc650556,FS7 57K,49.265974,-123.258324,96,2021/06/23,10:20:22
2f4feb0e-5552-44c5-925f-b89fdf6350f1,CH7 48A,49.255069,-123.1652,60,2021/06/23,10:20:22
2fb7c981-a53b-4f06-bd21-0fd0a2810442,BE2 95P,49.26899,-123.248402,15,2021/06/23,10:20:22
300dd423-57f4-477f-9eb3-0d7468716d26,CR2 70N,49.260122,-123.249516,33,2021/06/23,10:20:22
304c5fa8-7638-4436-82d1-ad4ee0831b83,EV0 10C,49.263245,-123.023822,97,2021/06/23,10:20:22
30841b93-4b91-4cfb-9108-4b7d972092c4,EV0 49A,49.27049,-123.249186,76,2021/06/23,10:20:22
30931d4e-e928-425e-b563-0bff42de1b38,BE2 69P,49.312095,-123.075685,97,2021/06/23,10:20:22
30a8be53-de09-44ab-ab88-20e88d5261c8,HG2 05M,49.20248,-122.92185,46,2021/06/23,10:20:22
313f1eb1-8cab-40f0-b708-094ca8894d28,DN7 74K,49.281711,-123.107264,25,2021/06/23,10:20:22
316b504e-4a22-4f81-a497-87fbe784f7fd,CR2 18N,49.248413,-123.074897,16,2021/06/23,10:20:22
31eef2d1-97ff-4dab-ab1e-f552e6fdd161,HG1 55M,49.327301,-123.089066,96,2021/06/23,10:20:22
31fc45ee-e5cb-456b-b732-445d7c6a7e3a,CR3 42N,49.260562,-123.245781,57,2021/06/23,10:20:22
32031258-e1fe-4b2e-93c3-fd363bb1d61c,DN7 26K,49.260591,-123.245807,58,2021/06/23,10:20:22
324e6fe8-9497-4d0a-81bc-51afa7892eed,HG1 23M,49.309298,-123.044953,57,2021/06/23,10:20:22
330226c4-c866-4441-8c9c-b55fa9c9fdc9,BE3 29P,49.234556,-123.034546,72,2021/06/23,10:20:22
3324ad6e-588d-413f-a57e-7a8070f2c37d,HG2 26M,49.262655,-123.255454,96,2021/06/23,10:20:22
335c7761-91ed-4e57-a4b4-5d56f61d2a42,DN7 76K,49.28299,-123.11798,64,2021/06/23,10:20:22
335df1b9-9822-4eac-a173-9e363239ce57,EF9 05D,49.285271,-123.117187,33,2021/06/23,10:20:22
33773d69-2361-4ffb-af0f-08a8fadcb77a,DN6 94K,49.269003,-123.045267,60,2021/06/23,10:20:22
33bdfd92-cb67-41b6-a525-faa31ea82987,EV0 29C,49.27162,-123.147484,34,2021/06/23,10:20:22
34517f42-83f4-4190-8075-4824a74964a1,DN7 13K,49.271921,-123.211819,94,2021/06/23,10:20:22
34546505-9c50-485e-9a0b-0c39b677750a,DN8 18K,49.215893,-123.102418,46,2021/06/23,10:20:22
346b81b3-57a6-4fbb-a1c3-fdf171d1a65b,DN8 20K,49.325857,-123.135905,48,2021/06/23,10:20:22
347f1a82-d9cc-41c5-b1d4-03586249d89a,CH5 71A,49.260164,-123.249514,25,2021/06/23,10:20:22
349f2af2-72a4-4203-a09c-08b7663e8060,EV0 50B,49.247651,-123.151981,30,2021/06/23,10:20:22
35ad3bd2-c155-4612-9d7a-2c1871c9745b,HG2 68M,49.231633,-123.035226,97,2021/06/23,10:20:22
36901403-9ebc-40e0-993d-ffb736830947,EV0 17C,49.285637,-123.117987,43,2021/06/23,10:20:22
36f6957e-572e-4ea2-9f9a-b90ca6e7e1db,HT6 34P,49.191556,-123.152318,46,2021/06/23,10:20:22
3711cf07-551c-442f-9271-894104898d40,CH6 94A,49.244353,-123.068054,96,2021/06/23,10:20:22
379f4829-5123-406f-ae4d-f2e50a8bce4b,CH5 52A,49.261306,-123.139251,97,2021/06/23,10:20:22
38678cbb-d30e-48ce-9f66-a9bea6841516,EV0 15X,49.270722,-123.147635,66,2021/06/23,10:20:22
38f9ba4b-7dc3-4873-96f7-ee2aacb1db65,HG1 78M,49.209174,-122.917961,75,2021/06/23,10:20:22
3924dcf4-433c-4514-a91a-8b36030d9627,HM8 34D,49.247605,-123.071986,97,2021/06/23,10:20:22
39bd996f-4e10-4ed4-82ee-5d12b8b03324,DN8 11K,49.264323,-123.128634,40,2021/06/23,10:20:22
39d12111-cdad-41e9-b9fe-bddda9591326,EV0 54X,49.246921,-123.101338,56,2021/06/23,10:20:22
3a061211-adbc-44e8-be37-7c44c548b0e1,HG2 69M,49.262791,-123.255104,69,2021/06/23,10:20:22
3a4de612-5a87-4493-ad3a-e631e30b388e,DN7 91K,49.318006,-123.07115,45,2021/06/23,10:20:22
3a9c3fba-3a58-409e-a786-f14bc4a25c22,HG1 51M,49.283125,-123.092297,25,2021/06/23,10:20:22
3af722c3-e40c-4b4e-aa91-16c4e26def36,DN8 08K,49.260018,-123.253688,96,2021/06/23,10:20:22
3b1e930f-f329-448a-8c62-e3ccd6c21461,CH6 81A,49.246244,-123.121515,97,2021/06/23,10:20:22
3b2f9ef9-fae0-42b6-bd0c-2368bc07f4cd,HM7 97D,49.283862,-123.064902,81,2021/06/23,10:20:22
3b3ede95-96f0-4fdc-8f7b-bb9fdbece592,HE3 52J,49.283769,-123.097803,76,2021/06/23,10:20:22
3b512dd7-f3b9-43ef-bdd7-fdf393500a81,CH6 53A,49.329489,-123.072772,30,2021/06/23,10:20:22
3ba2668f-18a7-42b9-8695-028b3a19203a,HM8 03D,49.214862,-123.09722,96,2021/06/23,10:20:22
3c7f6ace-72b8-4bf3-a525-6e1b1581d0bf,EV0 76A,49.244266,-123.1848,46,2021/06/23,10:20:22
3c8ea1a6-cd73-439c-b774-50bf75465c1c,HG1 59M,49.24447,-123.128779,67,2021/06/23,10:20:22
3ca0b9c2-a5c4-4c5d-9eb0-b3ee69e9ff93,HG1 47M,49.206047,-122.902787,73,2021/06/23,10:20:22
3cda20a5-6c12-40bf-b07c-4f2c4aded7aa,HT6 40P,49.317249,-123.110015,57,2021/06/23,10:20:22
3d4f2b70-fa96-4f2c-991d-fb3da3703ab9,EV0 22X,49.268133,-123.198297,94,2021/06/23,10:20:22
3d7276c3-1c2f-4d55-a4fd-f6f690e0eab3,DN8 32K,49.370612,-123.097929,76,2021/06/23,10:20:22
3dbbdaa5-80d6-4d59-a307-c60f095581a1,EF9 08D,49.25364,-123.237224,24,2021/06/23,10:20:22
3e1eddd2-d29a-4c60-aedb-31bfbd6225f6,CR2 14N,49.234711,-123.035718,43,2021/06/23,10:20:22
3e2230d6-aeb8-400a-8b10-84dbe9f3edaa,DN7 78K,49.270588,-123.249,64,2021/06/23,10:20:22
3e8aa8f8-761b-47ca-ae6b-790e544dab2c,HG2 02M,49.2193,-122.89987,93,2021/06/23,10:20:22
3ecad408-959c-4a59-843d-086cae5bebbc,EV0 27X,49.244519,-123.026729,25,2021/06/23,10:20:22
3fc33baa-8b36-470c-b53b-d526e1303d7b,AE1 12K,49.262681,-123.254871,55,2021/06/23,10:20:22
3fd6e975-7349-4e34-a301-ae8d9512e016,CH6 98A,49.261861,-123.199686,25,2021/06/23,10:20:22
3fda099d-9778-4468-bff8-ee909ad73b41,CH7 31A,49.263055,-123.124092,42,2021/06/23,10:20:22
4008ce98-4226-451e-8b88-70d53cf50cfe,HG2 42M,49.25894,-123.168473,63,2021/06/23,10:20:22
4018d422-5d99-4b51-816d-d545177fea69,EV0 17A,49.28214,-123.115403,85,2021/06/23,10:20:22
405db597-7f2a-401c-a6df-db66b46b389a,EV0 16A,49.283037,-123.118037,34,2021/06/23,10:20:22
40802d33-7b54-40f7-be88-3a81d9354e5d,HG2 41M,49.21797,-122.92022,76,2021/06/23,10:20:22
408698bc-d564-406a-b698-4472d7ff0054,FK0 76L,49.314404,-123.091781,51,2021/06/23,10:20:22
411aa7b4-a582-4bd5-b4bc-8ac5118ff808,HG1 16M,49.248458,-123.134459,36,2021/06/23,10:20:22
4127f457-9746-43cb-a6a3-994e85e6e39c,CH5 63A,49.276014,-123.078748,75,2021/06/23,10:20:22
412b2742-4c2f-4e49-9cb3-550e16c17aca,EV0 50A,49.287717,-123.02466,90,2021/06/23,10:20:22
425e0852-341b-48c4-8776-8e4bda9918c1,HE3 63J,49.234896,-122.89114,97,2021/06/23,10:20:22
425e86e0-adca-4e75-8cf0-992d5c51a443,DN7 00K,49.263884,-123.210988,75,2021/06/23,10:20:22
42977047-b5f5-4895-bd68-0aa8a7ed2ed6,CH6 66A,49.307363,-123.068395,57,2021/06/23,10:20:22
42abc3f2-03c9-4706-91e5-1929e50b1e5b,HG2 61M,49.321974,-123.067603,66,2021/06/23,10:20:22
42c987c4-6eff-4593-a58a-b779b5928a6b,EV0 55A,49.286871,-123.120513,97,2021/06/23,10:20:22
42ca89b0-966c-483a-acd8-4662f080ef72,HT6 39P,49.265147,-123.249964,52,2021/06/23,10:20:22
42f61639-3208-425f-9210-5228743a37ff,EV0 87A,49.314579,-123.096016,97,2021/06/23,10:20:22
4301670c-1541-405b-902e-e630b895e026,CH5 74A,49.286808,-123.024315,96,2021/06/23,10:20:22
4315f285-f169-49d9-9f16-8b41af94af01,DN7 52K,49.206127,-123.027779,69,2021/06/23,10:20:22
4325d274-b359-4188-a1dc-5ef2620336e0,EV0 23X,49.250295,-123.1006,96,2021/06/23,10:20:22
4344219f-df4b-4833-8d26-c5365cf9a90b,CR2 08N,49.24595,-123.158687,72,2021/06/23,10:20:22
43491e7c-6776-47e4-8108-3dc51f8f49a6,EV0 88X,49.279349,-123.104936,58,2021/06/23,10:20:22
43757e32-befb-40f0-9154-badb10365923,CR2 52N,49.264194,-123.122156,96,2021/06/23,10:20:22
440ae9b8-06c8-4684-b57a-22785f782675,DN7 90K,49.228454,-123.038804,66,2021/06/23,10:20:22
443c3bf6-536e-4dc1-bd53-d3f2dd5b2d77,HG1 02M,49.286093,-123.121697,28,2021/06/23,10:20:22
4454b3cf-1549-4625-bb49-8c86650893a2,DN7 37K,49.212418,-123.104938,63,2021/06/23,10:20:22
447fbf48-4d9b-4136-bbfa-c131040ee29c,CL3 81J,49.264827,-123.117402,72,2021/06/23,10:20:22
450e76e8-0237-48e8-9b3a-38c5d7bb9075,HM8 10D,49.262749,-123.255126,33,2021/06/23,10:20:22
45652ecc-5757-44a1-8960-61d1a23b4257,EV0 34A,49.206016,-123.027955,96,2021/06/23,10:20:22
45f378b1-8324-4104-ba16-46f5850dbd67,HG1 42M,49.260543,-123.245772,97,2021/06/23,10:20:22
46690007-9156-47cb-80cf-7dadb1b15f0a,EV0 17B,49.286143,-123.114552,39,2021/06/23,10:20:22
46772115-3c96-4b58-ac78-50067410904a,CH7 25A,49.265408,-123.257209,76,2021/06/23,10:20:22
46b7091d-ccf6-4faf-953e-58535005409c,CH5 55A,49.222917,-123.118273,97,2021/06/23,10:20:22
46e1c909-bb9d-49c5-aa23-a4452908bd9a,CH7 05A,49.215766,-123.100911,79,2021/06/23,10:20:22
4739cabb-a627-4e5b-97f7-cacf1a6c6db6,EV0 78B,49.266708,-123.02441,97,2021/06/23,10:20:22
4760207f-9224-43f1-a45f-c0fc95d3d586,HG2 22M,49.28113,-123.107386,97,2021/06/23,10:20:22
478e0e5d-ec50-498a-b7f8-8ec7e2f1bc05,CH6 75A,49.283172,-123.118028,64,2021/06/23,10:20:22
47a6550b-4472-4efe-b314-0935ab49dc62,HG2 06M,49.261896,-123.243303,34,2021/06/23,10:20:22
47ce6f03-1d96-4f00-a701-b4c55d8dd911,DN8 26K,49.265129,-123.249946,97,2021/06/23,10:20:22
47e9f348-f91a-4806-9efc-227b701a283e,FS7 59K,49.254193,-123.003908,61,2021/06/23,10:20:22
48cb202d-13b9-4c83-ba32-ab4b28f86817,CH6 31A,49.262586,-123.25548,31,2021/06/23,10:20:22
48f1d997-5127-4407-995b-d0c401140688,CR2 20N,49.246341,-123.123522,84,2021/06/23,10:20:22
49144347-ce14-4846-9601-ebea1b8fc7cf,CR2 17N,49.265237,-123.241617,57,2021/06/23,10:20:22
4938344d-f93f-4606-a502-ce7720703ab1,BV2 76D,49.242313,-123.077724,52,2021/06/23,10:20:22
493dbda3-ed91-4cfe-ab4e-567f7e1ed8bc,CR2 82N,49.289089,-123.049241,82,2021/06/23,10:20:22
499eec8d-3290-43f3-8cd3-094ebf86786b,HG1 31M,49.285791,-123.121146,90,2021/06/23,10:20:22
49b7e189-1424-46f1-92fc-691b31b0b68b,CR2 85N,49.231632,-123.185483,36,2021/06/23,10:20:22
49df0abd-0cd5-46c3-ac0b-60351ae89d5c,HM8 28D,49.232315,-122.882789,97,2021/06/23,10:20:22
4a05e997-89e3-4b42-ba6c-5645b0733f72,HG2 59M,49.271607,-123.147048,30,2021/06/23,10:20:22
4a31535f-5cea-4cec-b712-b1b82ac7c443,HT6 43P,49.282924,-123.118198,96,2021/06/23,10:20:22
4a83c8ce-005b-490a-9914-12f1b3820ab6,EV0 19B,49.213298,-123.066359,97,2021/06/23,10:20:22
4a9fdbfe-24aa-4b14-8ea1-4003160bbe08,CR3 31N,49.269396,-123.107778,22,2021/06/23,10:20:22
4ae01db4-3434-4df7-9a0f-1ed8bd6f0ed7,EV0 28C,49.262957,-123.119754,85,2021/06/23,10:20:22
4b4494dc-ed0f-4c0c-a2be-0ae8a3ec0f6a,EV0 62B,49.370322,-123.098256,64,2021/06/23,10:20:22
4b4d1c9c-d7b8-49b5-a551-ea7a862011d4,EV0 41B,49.266159,-123.258571,76,2021/06/23,10:20:22
4bac7cae-fe95-47f3-bcc6-13e6c28106bd,FK0 75L,49.287429,-123.025631,93,2021/06/23,10:20:22
4bc2fb77-83dc-45da-9ef5-d6345fe30f8f,AE0 85K,49.265028,-123.257897,97,2021/06/23,10:20:22
4c19e47b-afe5-4dd5-b75c-76f61769f668,HE3 59J,49.264145,-123.118293,97,2021/06/23,10:20:22
4c42d8cc-b9cd-4c82-a082-3153dcb5b46e,EV0 95A,49.245887,-123.081419,42,2021/06/23,10:20:22
4c965231-7231-4397-a4a0-a16f5cdb16ab,HM8 26D,49.207909,-123.02966,97,2021/06/23,10:20:22
4c9b9e4c-7ff4-441f-baa9-6232481a27d1,EV0 84B,49.26556,-123.106975,84,2021/06/23,10:20:22
4d11e62e-0ec0-4e0c-af2b-09d46c4fef54,CH6 10A,49.37039,-123.098239,96,2021/06/23,10:20:22
4db6a0eb-7c35-4b5b-8cc7-bc719636b13d,EV0 23A,49.290769,-123.023946,97,2021/06/23,10:20:22
4dbba077-3930-4d54-b4a2-541de7aec4d2,EF9 02D,49.308685,-123.036911,21,2021/06/23,10:20:22
4e3437ab-81bb-49a4-9d7e-39545bdc25f1,EV0 14B,49.260069,-123.202863,22,2021/06/23,10:20:22
4e5389a2-4b0f-4568-8f9d-6d6f8283fd5f,CH6 15A,49.265283,-123.203005,25,2021/06/23,10:20:22
4e6b9d48-0093-426d-a3a4-c954cdfc8b5a,HG1 25M,49.210958,-123.084121,97,2021/06/23,10:20:22
4e8857ca-a534-4967-9acf-3a598a7341b0,HM8 06D,49.229877,-123.180106,85,2021/06/23,10:20:22
4e90171a-13ea-4ee2-84ec-c054b520e9eb,CH6 59A,49.191569,-123.152478,28,2021/06/23,10:20:22
4ecb5d17-b3fc-4db8-a29e-d256d4c103d6,EV0 08C,49.26532,-123.206149,30,2021/06/23,10:20:22
4ecdf854-5035-45b1-a694-4adc73092419,CR3 48N,49.317823,-123.06819,97,2021/06/23,10:20:22
4f0e7d6c-7682-448b-bb43-9de4c62dc79f,HG1 52M,49.259411,-123.034346,28,2021/06/23,10:20:22
4f226c73-039d-48e1-8222-5e4613fcf1a5,CR2 87N,49.286243,-123.11253,70,2021/06/23,10:20:22
4f354e3e-a1e2-4a62-a39e-9d562e8b6c28,CR2 51N,49.316853,-123.09815,57,2021/06/23,10:20:22
4fc22408-bbee-4c99-98e1-2e8214d81279,EV0 09B,49.263705,-123.111016,70,2021/06/23,10:20:22
4fc39c08-e03b-46e2-84ad-5704ee4f5650,BE2 68P,49.370517,-123.098191,90,2021/06/23,10:20:22
4fc7a9ef-a437-4235-aa0f-8f8749889b31,HG2 10M,49.212165,-122.935517,48,2021/06/23,10:20:22
4ff1005c-4969-45bd-a2b2-1d3bcea3a3ee,DN7 89K,49.308862,-123.005604,31,2021/06/23,10:20:22
4ff3380d-080b-46ff-b7a1-37a85b1bdc63,DN9 01K,49.237462,-123.084644,90,2021/06/23,10:20:22
4ff8afc0-e397-431a-9121-2c80b5a38166,HG2 85M,49.326046,-123.136248,79,2021/06/23,10:20:22
503fb93c-9648-4e83-981e-3d361a504cb5,EV0 28B,49.309378,-123.004568,42,2021/06/23,10:20:22
504954b1-1250-4d1b-99a8-2bfa27295125,DN7 39K,49.230701,-122.902614,40,2021/06/23,10:20:22
50680d02-5111-4b27-935d-9857710217d8,FS7 36K,49.286855,-123.120557,43,2021/06/23,10:20:22
50b89b15-7582-4598-919c-4cc11b5d4f1e,DN7 18K,49.286757,-123.023741,97,2021/06/23,10:20:22
50e64e3c-8769-4501-af9b-a1659eef1e56,EV0 66B,49.277009,-122.909761,94,2021/06/23,10:20:22
5135a1ca-8df5-4e77-989b-0f938b92ba24,FS7 58K,49.221456,-122.922874,33,2021/06/23,10:20:22
51651aae-fb50-4362-bd8a-c6e11b462d26,CH6 97A,49.255618,-123.194439,94,2021/06/23,10:20:22
518d6309-7172-4731-8ad4-b74b8e89617b,CR3 16N,49.261822,-123.246586,28,2021/06/23,10:20:22
51ea9c29-b4a8-4c11-80fa-5ccfb376ff09,HG2 80M,49.273766,-123.211408,39,2021/06/23,10:20:22
525dac12-f719-4647-a003-bc7fd9f1a957,CR3 30N,49.191633,-123.152919,91,2021/06/23,10:20:22
52718b80-52ea-4917-b398-9858c2a68438,DN7 86K,49.263795,-123.107171,97,2021/06/23,10:20:22
53109665-49ed-4473-84d2-2e55ed6ad274,EV0 61B,49.265178,-123.241575,51,2021/06/23,10:20:22
5316147e-fc1f-4bd8-9ff1-2cbec39448f5,DN7 92K,49.262959,-123.255057,43,2021/06/23,10:20:22
534fe0a7-e563-4d59-a727-be358edf9989,HM8 15D,49.212924,-123.077613,66,2021/06/23,10:20:22
537e4034-20be-4997-9934-5fd9fde05bd8,EV0 08B,49.246185,-123.119933,52,2021/06/23,10:20:22
538eb456-c830-48ba-a45f-8cbd32348a8e,CH5 65A,49.271632,-123.041419,73,2021/06/23,10:20:22
53deb575-5c74-43b5-ac56-2ab464011e01,DN8 63K,49.254438,-123.003597,91,2021/06/23,10:20:22
53f90d66-3046-4cd3-81a4-ef57c7da3b22,EV0 27A,49.232571,-123.062165,73,2021/06/23,10:20:22
53fbad82-302f-4140-83f3-bfa8a6ed9d05,BV2 84D,49.227064,-122.911969,70,2021/06/23,10:20:22
540f989c-9aef-4d98-b91c-b7c66af85cac,HG2 36M,49.288666,-123.121971,16,2021/06/23,10:20:22
54dad7af-71d9-46c4-b109-87fabd176034,BV3 00D,49.24637,-123.185158,27,2021/06/23,10:20:22
5500ca5f-98d5-4f3c-bbf3-4177462e8aa4,EV0 66A,49.282928,-123.118145,97,2021/06/23,10:20:22
55680131-cb93-41bf-8949-3ea7fd445ddd,DN7 56K,49.285077,-123.117091,97,2021/06/23,10:20:22
55bafb7b-5f87-4079-9752-7ada36e47bfc,DN7 47K,49.242068,-123.134576,34,2021/06/23,10:20:22
55d4126e-116b-469c-88a0-4341104f0400,HG1 50M,49.259785,-123.117662,34,2021/06/23,10:20:22
55ffc4af-2e64-4404-a1eb-8c1af92fc01b,HE3 07J,49.326014,-123.135847,31,2021/06/23,10:20:22
56602de5-a01e-4477-9f2c-8e552c35df90,HG1 63M,49.216649,-123.075497,81,2021/06/23,10:20:22
566dbec0-5219-4ffb-94fa-a224353230cb,HG1 97M,49.275639,-123.081517,39,2021/06/23,10:20:22
56763647-be92-4723-a738-9389de634369,EV0 31C,49.283983,-123.107683,43,2021/06/23,10:20:22
5705c9b9-c5e3-499c-a9b6-1234c8ef3260,EV0 69B,49.28768,-123.053235,37,2021/06/23,10:20:22
577435e4-c089-484b-b4da-36bcbdee3bd0,EV0 34X,49.204302,-123.136429,61,2021/06/23,10:20:22
5796db21-4222-49be-8514-61f483b3166e,CR3 39N,49.319893,-123.02153,30,2021/06/23,10:20:22
57cee818-7445-47bb-8049-7a97508f41cf,DN7 10K,49.262848,-123.255603,48,2021/06/23,10:20:22
57e59841-4ff6-4417-b020-332de7aabe01,EV0 16X,49.253913,-123.066092,97,2021/06/23,10:20:22
57e92739-cc58-4814-908a-a8356805351d,HM7 82D,49.286817,-123.120749,46,2021/06/23,10:20:22
581f4274-8126-4fa3-9147-3a20a6521ab6,DN8 62K,49.29066,-123.02389,67,2021/06/23,10:20:22
5860c24a-8e47-42f4-92bd-9de35074c5c3,CH5 50A,49.27297,-123.209138,45,2021/06/23,10:20:22
58d5a0c1-0eed-41f0-9bd9-1d60484e739c,EV0 78A,49.323256,-123.082454,97,2021/06/23,10:20:22
5955ef66-d2e9-495b-a3b7-88ee5d317bd4,HG2 54M,49.267581,-123.257553,33,2021/06/23,10:20:22
59a96154-32cf-4c19-91db-6c8440b001b0,EV0 54A,49.241592,-123.068492,96,2021/06/23,10:20:22
5a2063f0-5f18-43b1-9157-dd0863c47df4,BE3 19P,49.272359,-123.128072,85,2021/06/23,10:20:22
5a50f288-a6c1-4b0b-9122-9297449028c0,EV0 62A,49.326064,-123.136142,33,2021/06/23,10:20:22
5a7af1a5-0b2c-42f4-b99a-9a3f05618635,DN7 34K,49.266489,-123.258617,60,2021/06/23,10:20:22
5af4ba04-c62c-44b8-9a61-c4af81a5bbfd,CH6 42A,49.238555,-123.077334,12,2021/06/23,10:20:22
5b0505f0-4276-40ba-8f32-601d7b665235,EV0 94B,49.273194,-123.077813,97,2021/06/23,10:20:22
5b0fe7c4-8578-4f0d-a7dd-7feecb59b7d1,HG1 17M,49.309724,-123.075857,58,2021/06/23,10:20:22
5bd20a88-f528-48bd-bdf6-bb6a8dc4fb2f,EV0 33C,49.286318,-123.112841,97,2021/06/23,10:20:22
5c66c5a7-32f4-44bb-ae7c-ff3b59b02cb4,EV0 12X,49.326051,-123.135862,46,2021/06/23,10:20:22
5c8d5cb7-3a0c-44e9-bcda-0825a8d4485d,HT6 42P,49.372755,-123.098697,66,2021/06/23,10:20:22
5ca4a370-a332-4d13-94a3-e98f9ee13043,EV0 56B,49.191575,-123.15269,25,2021/06/23,10:20:22
5cc8a7db-f82d-4084-9358-c76b4d2109b6,HM8 12D,49.247308,-123.134567,34,2021/06/23,10:20:22
5ccbc871-c607-423b-9471-b35159a8df8b,HG1 88M,49.320199,-123.100708,66,2021/06/23,10:20:22
5d836db8-700c-47d6-ad77-c29c613fe317,CR3 10N,49.286318,-123.112523,72,2021/06/23,10:20:22
5d8e75ef-6a99-42c8-9fb7-664cce5bd202,HE3 06J,49.269653,-123.139635,58,2021/06/23,10:20:22
5d990b87-c541-470f-9f55-986f52f48079,EV0 67B,49.253799,-123.068028,85,2021/06/23,10:20:22
5dac4c01-6b43-450c-830f-b6303adf81b5,HG1 01M,49.285637,-123.121108,66,2021/06/23,10:20:22
5db8cec2-50e5-4df6-bcad-9269d099b590,HM8 14D,49.285246,-123.117401,25,2021/06/23,10:20:22
5ddc4a8b-b166-42ae-9550-12236c359e75,HT6 28P,49.242263,-123.13453,97,2021/06/23,10:20:22
5e1c3eb6-52fb-4161-bdc8-ae65650a7ddd,CR3 26N,49.268996,-123.250972,93,2021/06/23,10:20:22
5e2ac800-bd62-482a-b650-279e7c65aaba,DN9 04K,49.226523,-123.092081,19,2021/06/23,10:20:22
5ecb31be-133b-4c16-bf6c-788e0872c97d,EV0 53B,49.215992,-123.11914,90,2021/06/23,10:20:22
5f4cb083-e01e-4980-bc3a-709e2216aa16,EV0 11A,49.215852,-123.098232,37,2021/06/23,10:20:22
5f55377a-1a36-49a7-b6f9-95f76311f829,HT6 33P,49.240053,-123.152991,64,2021/06/23,10:20:22
5f939ef4-a1a6-45f0-8a15-b1b5817ea4c5,HG1 75M,49.262892,-123.255128,97,2021/06/23,10:20:22
5faf29dc-3b35-45ec-a06a-c15dea10b027,BV2 91D,49.262843,-123.203941,97,2021/06/23,10:20:22
5fc8ec81-ecd2-4db4-9823-29d15f3fbe2d,CR3 41N,49.262569,-123.25541,84,2021/06/23,10:20:22
5fe2c04f-20da-482c-8f47-c7f4fa8bc1f6,HG1 70M,49.264603,-123.212182,33,2021/06/23,10:20:22
609a496b-1807-48cc-b23c-dc8c37351e15,EV0 58B,49.217997,-122.897525,97,2021/06/23,10:20:22
60f7bcba-f4bd-4d5b-a883-b85864cebe44,EV0 69A,49.273778,-123.21236,72,2021/06/23,10:20:22
6143f4ad-698f-4690-80da-200827884b01,BE3 05P,49.308859,-123.005622,27,2021/06/23,10:20:22
61453b77-107d-4bbc-aef6-078e224f1dd7,EV0 13A,49.284011,-123.091682,90,2021/06/23,10:20:22
61870119-4ec9-4ed1-b518-9cbd80ae3ec6,DN7 22K,49.202095,-123.023322,76,2021/06/23,10:20:22
61880fbb-9d30-4ba6-9d7a-ee9bfae18f05,DN9 05K,49.267543,-123.257538,97,2021/06/23,10:20:22
61ecd535-1710-4a65-997c-045fc45b94e9,CR2 43N,49.217155,-123.092314,48,2021/06/23,10:20:22
62250213-5450-4bb7-8d23-6a2a3e06f21f,FS7 64K,49.263727,-123.117587,49,2021/06/23,10:20:22
62b395b7-f0a6-416e-8b38-10456851b439,CH5 95A,49.275936,-123.082564,37,2021/06/23,10:20:22
62dea02a-1493-435f-b18e-287a103255ca,DN8 30K,49.285518,-123.117935,97,2021/06/23,10:20:22
62f78f53-41ac-432a-be23-96e354a4acd2,CR2 58N,49.210564,-123.074024,94,2021/06/23,10:20:22
63788a2b-57c9-4210-bf42-3fa0d76f3c99,EV0 51B,49.205884,-122.931038,85,2021/06/23,10:20:22
63969bee-2591-4ed7-be6c-db3de5c0ca00,CH7 40A,49.313973,-123.099511,39,2021/06/23,10:20:22
6411dcb6-b61e-45e7-bed0-f7585611a435,CR3 00N,49.273334,-123.023762,63,2021/06/23,10:20:22
643e5675-7e1a-4171-b989-13934fce5814,EV0 21B,49.286451,-123.112664,97,2021/06/23,10:20:22
64575bd3-caf0-4b97-9c86-c811322fb307,DN8 87K,49.315493,-123.019509,79,2021/06/23,10:20:22
64da4fe3-dafa-4106-a433-7751bf0687d1,DN8 89K,49.191577,-123.152629,28,2021/06/23,10:20:22
6538d708-558b-438e-b813-19c324ddcfae,DN8 40K,49.254439,-123.003784,78,2021/06/23,10:20:22
658fd4d8-fe8e-44c9-ac7b-beeb4e01d2a4,HM7 91D,49.283628,-123.110774,97,2021/06/23,10:20:22
658fdc5e-f48b-4e4c-ad36-06367065798d,EV0 34C,49.21537,-122.901286,82,2021/06/23,10:20:22
65b19491-d9bd-4c04-8ac2-d01bcc8127f1,HG2 15M,49.272705,-123.211811,97,2021/06/23,10:20:22
660053a6-431e-4121-8513-1daddee0f9f0,EV0 02X,49.220855,-123.09123,24,2021/06/23,10:20:22
66069f63-79af-4212-a732-9e63aade1631,HM7 86D,49.268124,-123.207393,97,2021/06/23,10:20:22
66fe6864-5d38-49f2-bc27-88c8fb09080b,HG2 48M,49.258959,-123.200211,97,2021/06/23,10:20:22
67418b0b-0b20-42c9-a7cd-001d3d35e16e,CH5 61A,49.324142,-123.063374,52,2021/06/23,10:20:22
6772a9a8-3a50-47bb-9a93-995e0cea0917,CR2 91N,49.28248,-123.097537,27,2021/06/23,10:20:22
67f5603f-853a-478c-bde9-e2c0584f88a4,HG1 43M,49.310468,-123.07787,39,2021/06/23,10:20:22
67fb8650-535c-46e8-a362-d5cfb6a520bb,CH7 33A,49.264297,-123.122395,79,2021/06/23,10:20:22
68147576-5cea-4ffc-893f-fa953b6c74cc,CH5 53A,49.245442,-123.138176,76,2021/06/23,10:20:22
681853cd-d469-4f5c-86c3-2a7e5488801a,EV0 45X,49.28554,-123.11787,48,2021/06/23,10:20:22
6863450b-adc4-48f6-bc75-54196aaae752,EV0 51A,49.321372,-123.10219,97,2021/06/23,10:20:22
68c71f76-0906-4e46-8de6-c05e0b1de55f,CH6 72A,49.309381,-123.004572,72,2021/06/23,10:20:22
69c89ad0-98de-48ca-b6f5-1ac7e1c7bea5,CR2 94N,49.27214,-123.096791,22,2021/06/23,10:20:22
69ec0abb-f4a9-4a0e-83e5-53c845b425d6,EV0 15A,49.28864,-123.050978,97,2021/06/23,10:20:22
6a0cba08-d5ce-4632-8ad2-fad6773390cb,HM7 81D,49.266054,-123.109448,58,2021/06/23,10:20:22
6a377b8b-855c-4237-9380-35581355f0b2,BE2 87P,49.247647,-123.150583,97,2021/06/23,10:20:22
6a4f1aab-d65d-4345-a70a-1c019d92a129,EV0 00C,49.252026,-123.189672,97,2021/06/23,10:20:22
6ad8f8d0-5caf-4f58-83d0-73e116d69df3,CR2 44N,49.249099,-123.186081,90,2021/06/23,10:20:22
6b08fc37-28e3-416f-8e23-38603cf1ec31,CH6 14A,49.285628,-123.120135,67,2021/06/23,10:20:22
6b8b40b1-1987-4a35-bc6c-f1739b90e0a2,BE2 96P,49.268942,-123.250798,79,2021/06/23,10:20:22
6c70b92b-cb59-4871-8c30-ae4ce0a52a04,HG1 76M,49.233983,-122.897111,79,2021/06/23,10:20:22
6c8969ba-143c-4327-a18c-b6929a18c628,HM8 09D,49.237075,-123.081423,96,2021/06/23,10:20:22
6caf0d6c-3908-4771-bfce-43f2c1c3b785,CR2 23N,49.25446,-123.003488,97,2021/06/23,10:20:22
6ddada3d-76d6-4ddb-874a-52a015788dbf,HG2 24M,49.286199,-123.112506,67,2021/06/23,10:20:22
6e982eb5-65fd-4430-9f3f-fed84ff6c6cf,CH6 78A,49.260032,-123.253783,43,2021/06/23,10:20:22
6ed04123-b0be-4b45-8120-b9ef5ba0f25d,CH7 30A,49.330297,-123.074029,36,2021/06/23,10:20:22
6f60aafc-a142-46bc-b9aa-17a1bb1a6f27,CR2 56N,49.325916,-123.136594,96,2021/06/23,10:20:22
6fba0a70-dc37-43bd-a59c-259af744c15e,CR3 08N,49.268979,-123.250866,43,2021/06/23,10:20:22
6fc9e499-64d8-450e-b0e7-1eeae4abac2c,CH6 48A,49.282543,-123.097776,97,2021/06/23,10:20:22
6fea8981-8166-4c0e-8fa5-911ef406029d,HG1 85M,49.26902,-123.093133,97,2021/06/23,10:20:22
700cef82-fbe9-4cdc-86b9-8ce8244b5e24,CH6 38A,49.327626,-123.070855,78,2021/06/23,10:20:22
708569fa-8dcb-4a94-a9ad-7df70a8312bf,HM8 19D,49.329397,-123.079003,97,2021/06/23,10:20:22
70a8e004-c1a4-4c01-bc6c-aa3f9cce5960,HG1 98M,49.279266,-123.109205,48,2021/06/23,10:20:22
7122334c-ceff-4d81-9877-847e2014b3d6,EV0 73A,49.269152,-123.250978,91,2021/06/23,10:20:22
712e7c8a-fbdc-4b95-8a41-168f8fa7c2b5,DN8 88K,49.265077,-123.249713,67,2021/06/23,10:20:22
716ed428-2189-4e59-8b7b-7ab4461e4988,EV0 45A,49.274311,-123.08176,18,2021/06/23,10:20:22
7192307a-f7cc-4b0c-a618-a0e1548ed90d,HM8 24D,49.246212,-123.123301,94,2021/06/23,10:20:22
7192950b-12a9-402b-9ecd-0a996c4b867e,CR3 12N,49.263803,-123.04086,97,2021/06/23,10:20:22
7225b40b-6b22-470e-9dfa-4683f8a48a53,CH6 13A,49.283065,-123.11775,97,2021/06/23,10:20:22
72eb1bfa-b8b3-4ee2-ac5e-2eff20dcb801,HG2 20M,49.265785,-123.258012,48,2021/06/23,10:20:22
72f2a95c-a8df-4a01-bb82-4311bcc413d2,EV0 40B,49.282795,-123.123972,97,2021/06/23,10:20:22
733f01ba-c4f3-4807-9076-5ba11f0d5986,CH6 04A,49.256776,-123.178348,69,2021/06/23,10:20:22
7345a26f-75f9-405b-baf0-1e38749123a6,CR2 80N,49.247697,-123.060449,97,2021/06/23,10:20:22
741f6198-18b1-4800-a270-8d5d81612e67,CR3 21N,49.293657,-123.136753,97,2021/06/23,10:20:22
74971d5d-1d2d-46b1-9c62-162e9a617f21,HG2 88M,49.329197,-123.072327,43,2021/06/23,10:20:22
74a6dc57-6bb7-4e73-87ba-06f27a19ff2b,EV0 21X,49.283982,-123.088651,88,2021/06/23,10:20:22
7514f6d0-7d6d-4b28-8c2d-7789674a3764,DN8 07K,49.230375,-122.890144,61,2021/06/23,10:20:22
75265dca-ce90-4218-ac3b-b33244685a7e,HG2 73M,49.263742,-123.039523,31,2021/06/23,10:20:22
755988ca-2fcb-4092-a498-65c1687545ac,CH7 22A,49.265675,-123.214722,90,2021/06/23,10:20:22
75882407-43c5-4f7d-b7e9-31dcda5f967c,EV0 30C,49.234557,-123.182083,36,2021/06/23,10:20:22
7595a622-edd0-49d3-ab8c-6f0ecdc63dbe,AE2 42K,49.271554,-123.104796,73,2021/06/23,10:20:22
75b506ef-dc99-4105-b24d-93cbaa60e556,CR3 44N,49.288851,-123.121393,79,2021/06/23,10:20:22
76073153-bbfe-4e5a-ac16-74511d0c45dd,EV0 75B,49.309446,-123.004677,34,2021/06/23,10:20:22
7627f09d-f7ff-4da6-84db-0ded9ef38ea6,CH5 77A,49.273176,-123.024221,57,2021/06/23,10:20:22
762c63e7-6b09-42f9-b30c-e2681905bece,HG2 58M,49.263775,-123.11744,82,2021/06/23,10:20:22
77047f63-42ef-44bd-8514-fc14c7bb858f,BE2 66P,49.285285,-123.117529,97,2021/06/23,10:20:22
774a9b39-0280-4cbc-a28c-1717de172a3d,DN6 91K,49.279321,-123.081283,96,2021/06/23,10:20:22
7768350f-14de-4c6a-8356-9f3bc77fbd93,EV0 71B,49.230044,-123.120222,58,2021/06/23,10:20:22
77891b22-cc6d-4884-bf0b-c1f60b0ccfa0,BE3 18P,49.260058,-123.199457,93,2021/06/23,10:20:22
77aa011f-3fbf-4387-9979-39c08649942f,EV0 51X,49.246819,-123.118455,76,2021/06/23,10:20:22
77b488a2-aecb-4f4d-b0a7-824818351c8a,DN7 11K,49.206083,-123.027789,57,2021/06/23,10:20:22
77d45a5e-638b-4eb3-bfd4-1ea061691b3a,EV0 20C,49.265626,-123.110545,97,2021/06/23,10:20:22
78a8720b-960f-445f-9e83-28fba5167bda,CR3 27N,49.322989,-123.066916,81,2021/06/23,10:20:22
790c3d1d-b9c9-49e1-bc5f-1bc3fd7749db,CR2 45N,49.254291,-123.003896,60,2021/06/23,10:20:22
79495f93-c879-4b47-9605-bf4692e537da,CR2 15N,49.263959,-123.02381,69,2021/06/23,10:20:22
79512d12-2151-41b1-b8e5-241f6fdadfe4,CH6 02A,49.203402,-122.925336,69,2021/06/23,10:20:22
79a5f756-2862-4c2e-9bcd-f8cc94c16634,DN7 75K,49.317283,-123.109969,97,2021/06/23,10:20:22
7a22260c-0933-4828-8c58-8ea38a0e48bd,DN8 46K,49.254416,-123.003696,43,2021/06/23,10:20:22
7a6547a6-bb92-4d70-aa41-44a0daca64be,AE1 02K,49.265981,-123.258475,34,2021/06/23,10:20:22
7acfc710-b693-4a07-97eb-9634ebc02e9f,CR2 97N,49.290673,-123.024059,72,2021/06/23,10:20:22
7b012ad5-c172-4624-b5f8-417151952dc5,EV0 91B,49.27061,-123.02656,22,2021/06/23,10:20:22
7b374cc1-3628-415a-b163-adbe9390f34e,EV0 22C,49.321339,-123.063023,37,2021/06/23,10:20:22
7c0d75c3-3089-484d-98e8-fb269c593486,EV0 36C,49.260905,-123.199239,30,2021/06/23,10:20:22
7c115159-8b9b-4bcd-a2fd-b4c4995d7512,HG1 37M,49.286361,-123.112371,37,2021/06/23,10:20:22
7c26e10c-2567-495b-929d-eebf6c9c705e,HM8 01D,49.283252,-123.098557,58,2021/06/23,10:20:22
7c30c7c0-7b1e-4a0c-87c6-274d4de80b31,DN8 90K,49.271336,-123.206395,36,2021/06/23,10:20:22
7c56adb7-40b0-485c-83ec-d97c66ddc1a9,EF9 17D,49.275153,-123.211657,51,2021/06/23,10:20:22
7c694893-91ba-4868-8bff-aba9ca111208,HG2 00M,49.276676,-123.147587,97,2021/06/23,10:20:22
7c8ffacd-d645-43ed-b45a-e30722e172fd,HE3 67J,49.31399,-123.099717,67,2021/06/23,10:20:22
7c9256dd-16c7-42e0-b976-ef73003fa224,CH7 32A,49.27995,-122.923816,58,2021/06/23,10:20:22
7c9e7770-fac1-4172-9221-1b79c7ea99f8,DN8 10K,49.283935,-123.10769,91,2021/06/23,10:20:22
7cf22e3d-86d2-4b15-9da6-10372bd440df,HG2 25M,49.280521,-123.103821,87,2021/06/23,10:20:22
7dec02c8-c696-4eb2-8e86-994ea6927801,HM7 89D,49.283065,-123.093943,94,2021/06/23,10:20:22
7e62f7c7-82ea-443b-96aa-5cef320c2a44,AE2 45K,49.271711,-123.15308,57,2021/06/23,10:20:22
7e865024-9251-4c5c-b5b0-db8434695058,HG2 84M,49.255211,-123.235205,58,2021/06/23,10:20:22
7f2b7714-6cb9-4ab1-aa97-c9a24903180d,CR2 68N,49.259121,-123.196848,85,2021/06/23,10:20:22
7f7937c4-96c1-4029-90f3-97b484b11dad,HG1 87M,49.259602,-123.203217,97,2021/06/23,10:20:22
800770e5-a565-40c4-975c-87fa9a71b6d5,CR3 32N,49.248562,-123.077792,43,2021/06/23,10:20:22
8054dd73-7f2b-4c05-8b5a-84805b2c9db1,CR3 22N,49.282617,-123.119275,96,2021/06/23,10:20:22
805c05a6-5cd5-4a32-bd98-76cf502c6619,CR3 18N,49.264746,-123.212461,42,2021/06/23,10:20:22
807aa521-82ce-4743-8a78-35c7480b0626,EV0 43B,49.283099,-123.067231,42,2021/06/23,10:20:22
80998cbd-3734-434c-b190-de4f993c5eb7,BV3 15D,49.27367,-123.207232,31,2021/06/23,10:20:22
80a4ff0d-c697-4984-9f08-5c25a771f591,BV3 20D,49.26025,-123.209749,93,2021/06/23,10:20:22
8113c674-30dd-4f5d-b2a4-05fdd961dc22,BV3 14D,49.26068,-123.245924,70,2021/06/23,10:20:22
8153072a-1590-4f76-8947-62cb353eef69,EV0 68B,49.260434,-123.245613,97,2021/06/23,10:20:22
81f1083d-f141-469d-8c0d-d76bb1ded397,EV0 38C,49.261188,-123.106686,21,2021/06/23,10:20:22
8209b6be-27ce-4f0a-9a10-988a71b73f62,EV0 46X,49.31445,-123.099416,26,2021/06/23,10:20:22
82243011-909b-4d47-befa-bccdf0d49d04,EV0 26C,49.262966,-123.036306,48,2021/06/23,10:20:22
829b1b26-6a98-4244-8e1b-8c1f976a269d,DN7 99K,49.254544,-123.041557,79,2021/06/23,10:20:22
82ac3f29-8787-412f-9638-ab6b5fcc1fa5,EV0 21C,49.244594,-123.067955,58,2021/06/23,10:20:22
82ae1887-b9f9-4e8f-ac53-e24821f025ec,HG1 49M,49.370436,-123.098243,85,2021/06/23,10:20:22
82b01bd2-fb85-4658-8e03-e1ddf568af89,CH6 77A,49.273576,-123.206982,96,2021/06/23,10:20:22
82bcf292-b4ed-4635-acba-d66dde76db3a,HT6 26P,49.370761,-123.098059,94,2021/06/23,10:20:22
82fa7439-705b-43ef-9928-2cc7a14eb8be,CH6 34A,49.248223,-123.072078,40,2021/06/23,10:20:22
831043de-4502-4f99-9fe3-12d4abf53832,CR3 43N,49.224875,-122.916538,76,2021/06/23,10:20:22
833bdf91-f46d-4330-adae-fc024f980d33,BV3 05D,49.203141,-122.906571,45,2021/06/23,10:20:22
837b98c6-13f4-4450-a6ab-889bb6660dcd,EV0 09C,49.254406,-123.003814,33,2021/06/23,10:20:22
83bb4fe4-283b-4d11-8395-a3c166389da6,HE3 05J,49.268488,-123.117786,31,2021/06/23,10:20:22
83c7a1cd-f590-4040-bace-69e5672d634c,CH7 49A,49.242347,-123.124101,63,2021/06/23,10:20:22
83d35dbf-1d9b-47e5-a863-1a8989eaf1c6,EV0 92B,49.273716,-123.211476,60,2021/06/23,10:20:22
83e4bd57-17d0-456d-8771-d31e675fda11,DN7 01K,49.191572,-123.152225,22,2021/06/23,10:20:22
84215ea2-1102-448f-aa39-c4243f78ecd1,CH7 41A,49.25443,-123.003782,63,2021/06/23,10:20:22
8438cecb-4d5e-4aef-9634-d184ee3dd405,EF9 09D,49.268987,-123.250524,43,2021/06/23,10:20:22
84a1d78b-ee48-460f-bd7a-0ed506408a20,CR3 19N,49.265393,-123.110885,84,2021/06/23,10:20:22
84b8b3fa-6011-4501-b8bc-20b14f786427,EV0 29A,49.2462,-123.123573,33,2021/06/23,10:20:22
84df8aeb-4ba7-4edb-a125-ea9726067f30,FS7 61K,49.284687,-123.095256,97,2021/06/23,10:20:22
8527ac9f-8986-460f-94dd-d01a742a7029,EV0 44A,49.282941,-123.118097,97,2021/06/23,10:20:22
854f7ef2-c20d-4339-8e2d-f7c73b1bcce8,EV0 52B,49.264667,-123.1175,97,2021/06/23,10:20:22
86315e35-41af-4e94-bfd4-a3a44562085e,BV2 87D,49.251292,-123.165392,90,2021/06/23,10:20:22
86419fdd-e1a9-44e8-84c7-5b8940c00750,EV0 36A,49.270599,-123.142802,25,2021/06/23,10:20:22
87ce392a-ab83-4a69-a692-4ed9a245cc0f,DN9 17K,49.264126,-123.118302,97,2021/06/23,10:20:22
87e6df83-fa0e-4f06-a0c3-55c15aec89c7,EV0 36B,49.225167,-122.904473,67,2021/06/23,10:20:22
8850798b-a7d7-41c4-9d97-1e9a6f9f6f32,EV0 52X,49.208404,-123.064167,50,2021/06/23,10:20:22
888235e3-e14c-4993-b7fa-926c5cdec10f,HG1 08M,49.206626,-122.931793,91,2021/06/23,10:20:22
88c40a9c-e235-4c1e-bd57-9566296517ba,EV0 39B,49.370752,-123.09833,48,2021/06/23,10:20:22
88cb3178-8d81-41f5-bc2d-ca76a2bcfd19,HG2 71M,49.227409,-123.093461,37,2021/06/23,10:20:22
8961b4f9-439f-4fff-8735-d7306321096b,HG1 66M,49.227363,-123.091252,33,2021/06/23,10:20:22
896b2103-26aa-408e-9acb-efaa2d36e9b0,DN8 67K,49.331143,-123.071522,22,2021/06/23,10:20:22
896d12a8-b49d-45fb-b81d-6469d8da44db,CH5 91A,49.234784,-122.893913,36,2021/06/23,10:20:22
89d3e2bb-c5ea-4554-a257-f4d4479a0d3d,EV0 19C,49.282083,-123.115458,97,2021/06/23,10:20:22
89fcd52d-d17b-443e-ad33-cf217c69c08a,FS7 34K,49.208726,-122.925867,97,2021/06/23,10:20:22
8a061192-6fa3-4a80-b0dd-7070b0b64994,HG1 58M,49.271892,-123.147428,97,2021/06/23,10:20:22
8a4e33fd-c4c2-48c8-951d-cc7d60e1d0bf,CH7 21A,49.283087,-123.093819,52,2021/06/23,10:20:22
8a77ca2b-f7fc-46d2-9b4f-acf613635ced,AE1 13K,49.248262,-123.072103,51,2021/06/23,10:20:22
8ab03e57-c935-4df8-a3df-6d349d34e52b,BE3 39P,49.260131,-123.249502,90,2021/06/23,10:20:22
8ab962b5-6829-4eb1-bd06-332e5a796ecd,CR2 55N,49.268693,-123.091179,93,2021/06/23,10:20:22
8b16e574-c744-4874-ad7e-ae1864d18c65,BE2 80P,49.326154,-123.068594,33,2021/06/23,10:20:22
8b43c890-ccd4-4989-b5c3-198a027d1df2,EV0 57X,49.266611,-123.110068,48,2021/06/23,10:20:22
8c5c0985-26f9-4365-885c-aa902b90dabe,BE3 31P,49.19162,-123.153002,21,2021/06/23,10:20:22
8cb99e65-e820-4258-9beb-988f7772900b,CH7 02A,49.280328,-123.098822,84,2021/06/23,10:20:22
8cf3b3ff-5b8f-4c91-b848-7bc5d2081570,EV0 42X,49.276493,-122.909919,31,2021/06/23,10:20:22
8d67fa40-ff26-487a-ac8a-e344af6a1823,HG1 69M,49.325796,-123.096953,25,2021/06/23,10:20:22
8d68615a-0bf3-40a1-b5cc-922980a61119,HM8 04D,49.210416,-122.911556,39,2021/06/23,10:20:22
8da6bef0-0b10-46d1-a9d2-e9f289aa78ee,CH6 30A,49.230948,-123.105704,46,2021/06/23,10:20:22
8daf7390-a5cb-43ff-a371-b287cd9b91c8,DN7 53K,49.288037,-123.120039,36,2021/06/23,10:20:22
8dc833cc-3eda-4367-a5db-1b343ba04da0,DN8 64K,49.241056,-123.044887,22,2021/06/23,10:20:22
8e0b2064-1f02-4d43-998d-eef8980a3cad,EV0 89A,49.286059,-123.023606,76,2021/06/23,10:20:22
8e168481-3bb4-44a2-ae2d-0a2c51ecf292,AE1 14K,49.250345,-123.074266,43,2021/06/23,10:20:22
8e6077d0-5e0f-4e89-bbd7-2bce9b4e67ee,CH6 57A,49.26524,-123.24159,18,2021/06/23,10:20:22
8ea0b099-32cb-4201-a6f8-12b7b91f8b00,CR2 67N,49.28402,-123.091939,19,2021/06/23,10:20:22
8ff55910-e1e9-43ea-b5ed-d9456be74071,BE3 45P,49.228655,-122.903719,49,2021/06/23,10:20:22
905b7a21-8886-433a-bcc9-4248091924d6,HG1 82M,49.263912,-123.11187,54,2021/06/23,10:20:22
90ef1962-e427-4633-875e-0404c722ab27,EV0 41X,49.25741,-123.190342,67,2021/06/23,10:20:22
9193f698-7cd1-42a0-9608-aa55660eb54b,EV0 39C,49.213845,-122.935386,97,2021/06/23,10:20:22
919805e0-4742-44e6-9c9c-a540081bc966,DN7 14K,49.251388,-123.235896,90,2021/06/23,10:20:22
919faaee-d4c3-445d-a709-8222e651166a,EV0 24C,49.277685,-122.911971,34,2021/06/23,10:20:22
91c588f1-e6b8-4e22-8e6e-4a4f2b5b1e55,DN7 04K,49.254164,-123.003927,85,2021/06/23,10:20:22
91ea4c34-92af-4dc3-9209-3004713f342c,BV3 02D,49.246223,-123.123713,42,2021/06/23,10:20:22
91ef1ad5-a2ab-4881-b4f5-c63c2aa51fbe,EV0 44B,49.246153,-123.124185,97,2021/06/23,10:20:22
91f9b14d-bab9-475a-9ac8-e3bdb67f091e,CR3 24N,49.267489,-123.257486,82,2021/06/23,10:20:22
91fa61e2-13b2-4ebe-9521-4cca14217a38,CR2 11N,49.329582,-123.070531,75,2021/06/23,10:20:22
924250d2-9a5c-4b80-a1d2-05d6fa704d79,CH5 96A,49.370374,-123.098265,91,2021/06/23,10:20:22
93090c56-242d-4e96-a402-43571f0ae469,HG2 82M,49.229878,-123.182067,93,2021/06/23,10:20:22
9392d6c6-b44d-44c5-9a1c-65bf1d63f95a,DN8 51K,49.229687,-123.078614,63,2021/06/23,10:20:22
93cd75a9-a3f4-43f4-9c08-e231b9e988a9,CH7 47A,49.26074,-123.245908,67,2021/06/23,10:20:22
93ff7a33-917b-4494-b268-c5eeced873dd,HE3 55J,49.287755,-123.024489,75,2021/06/23,10:20:22
947ac2a1-eb94-4ca6-948c-c4a406958721,BV3 24D,49.283575,-123.097668,81,2021/06/23,10:20:22
94a08fb6-76d1-49b0-becc-25af395b0083,CH5 51A,49.225128,-122.998812,37,2021/06/23,10:20:22
94add86d-c4f9-4a02-a889-2e051fcfdacb,DN8 36K,49.263001,-123.040434,93,2021/06/23,10:20:22
94f8cdfe-6c0a-4e99-9dae-0787be086bea,BV3 22D,49.308409,-123.040063,91,2021/06/23,10:20:22
95a17c9d-c456-4bf9-94a2-f3cc1fb77a27,CH6 64A,49.232306,-122.882873,97,2021/06/23,10:20:22
95a32a3a-7065-4db6-8a30-39c55b910a32,EV0 09A,49.248512,-122.999088,27,2021/06/23,10:20:22
95e82631-42c8-4176-8c98-94e9b7ca5715,DN8 95K,49.317382,-123.082064,57,2021/06/23,10:20:22
95ef6f9f-1a75-48f5-9a26-8a19df509987,BE3 04P,49.236942,-123.183427,58,2021/06/23,10:20:22
96e6fa13-7318-4f7f-acfb-95fa9465f95a,HG1 34M,49.202188,-123.023324,48,2021/06/23,10:20:22
96fe577e-2dc1-439c-b61e-01bdf417b167,HG2 39M,49.283344,-123.117791,43,2021/06/23,10:20:22
98332426-3509-4e8c-bfae-6fca5321ca08,EV0 81B,49.25854,-123.061127,16,2021/06/23,10:20:22
98443690-c394-4d8b-823c-f31443c11cdd,DN7 84K,49.267559,-123.257563,54,2021/06/23,10:20:22
98c50829-a964-4eff-b861-1b2bdf919fd3,EV0 07C,49.265163,-123.128285,75,2021/06/23,10:20:22
996a7752-2bd5-4b63-859e-af0e317479b2,CH5 59A,49.313995,-123.099607,63,2021/06/23,10:20:22
998ae1a7-a7f4-4646-883d-3ff36c0d1661,BE2 75P,49.260845,-123.028579,33,2021/06/23,10:20:22
99b2ca86-03f3-4c57-8e65-69eec8ec0bd0,HG1 09M,49.214213,-123.140467,31,2021/06/23,10:20:22
99dfb7de-a896-4c6b-94b6-e7db2dd4ee83,DN7 73K,49.315495,-123.019409,66,2021/06/23,10:20:22
9a12efc4-488f-4eb1-9df3-f6f8646aa169,EV0 14A,49.27265,-123.136152,76,2021/06/23,10:20:22
9ab73dff-abe6-48cd-a01a-318f1216cd9c,FS7 62K,49.330367,-123.088729,24,2021/06/23,10:20:22
9b13de88-dcc3-4fe7-92e8-76d3bdafbfc7,EV0 46A,49.270647,-123.209753,97,2021/06/23,10:20:22
9b2e628f-2e2c-486c-8e16-8b6857824b37,FS7 29K,49.249318,-123.071199,69,2021/06/23,10:20:22
9be819f2-0ada-49ad-83c0-b2dfcdaff3bd,EV0 25B,49.254424,-123.002646,93,2021/06/23,10:20:22
9c347222-d2d9-4e04-bdf3-4c861f1c192e,HM7 79D,49.192345,-123.083618,97,2021/06/23,10:20:22
9c830acf-c43f-4fed-83fc-f432743d197d,EV0 37C,49.247597,-123.003515,54,2021/06/23,10:20:22
9c97ab21-e8ea-4c14-b9f2-f43082a9234d,CR2 29N,49.239486,-123.183386,90,2021/06/23,10:20:22
9cec9fa6-cd2f-44e1-88f6-15eccaec4c03,HG1 81M,49.266177,-123.258493,88,2021/06/23,10:20:22
9d393527-f6e3-4494-a9a0-2330eaffb6e4,EV0 59A,49.285798,-123.121264,85,2021/06/23,10:20:22
9d3d25cf-fecb-44fa-ba13-ed32dc0afa5a,HG2 50M,49.225608,-122.892674,34,2021/06/23,10:20:22
9d6ff58c-9992-449f-a2a5-fed830a13047,CH5 72A,49.247672,-123.151354,96,2021/06/23,10:20:22
9dc3d930-e7c0-42ba-a178-fce46042eda1,EV0 41C,49.240024,-123.153047,85,2021/06/23,10:20:22
9e225b39-65ae-4d78-9095-294ebc6e18c6,EV0 80B,49.212918,-122.914787,66,2021/06/23,10:20:22
9e52aa9e-5e48-4cf6-8712-1182ba50336f,BV2 99D,49.283183,-123.111293,42,2021/06/23,10:20:22
9f6005aa-7eb6-4f80-bd62-491d90940590,AE1 11K,49.262726,-123.255093,33,2021/06/23,10:20:22
9f6979f8-ad5e-417f-82af-922f7c7a9352,EV0 26B,49.262713,-123.236613,97,2021/06/23,10:20:22
9f895ac7-14f5-4d24-ade4-496890adbcb1,BE2 58P,49.254305,-123.003625,75,2021/06/23,10:20:22
a168df8a-bbcc-48a5-832c-00024b31d5df,EV0 30B,49.262687,-123.255447,67,2021/06/23,10:20:22
a19473d4-766b-493c-b84b-5ba65e629d79,HE3 04J,49.259858,-123.038839,96,2021/06/23,10:20:22
a2375af1-b272-4169-ba6c-7e6b0002a7f4,EV0 90B,49.219104,-123.123037,39,2021/06/23,10:20:22
a23ae1df-37a2-46b0-8acb-cccdf496a77a,CH6 18A,49.244196,-123.101213,94,2021/06/23,10:20:22
a275df8d-2591-429c-89d0-93b4ef342ae3,EV0 38B,49.282258,-123.11665,97,2021/06/23,10:20:22
a2d93b8a-cf49-4bb5-bf0b-b7360699935a,CR2 76N,49.285574,-123.118289,43,2021/06/23,10:20:22
a2eaea32-2f77-46c3-b945-60a03efd7adf,CR2 84N,49.326211,-123.135889,58,2021/06/23,10:20:22
a2f0a258-c1bc-44cd-9eeb-cb13ccdc4e79,FS7 50K,49.328476,-123.092987,51,2021/06/23,10:20:22
a31467bf-dc87-4e25-8601-cdb66113cbb0,EF9 01D,49.216486,-123.094166,39,2021/06/23,10:20:22
a31a5fc4-1aa8-4822-9e8f-ac8feb7db860,CH6 74A,49.323696,-123.070867,84,2021/06/23,10:20:22
a398a438-1803-4223-bda6-ab74d4f5ca6d,CH5 97A,49.283055,-123.109271,66,2021/06/23,10:20:22
a3efb3f9-b4b6-4593-a50f-29090e7d9e3d,FS7 27K,49.270553,-123.248976,16,2021/06/23,10:20:22
a4699603-c62f-4ac6-87ac-1ca0ffc9c6d8,EV0 70A,49.26659,-123.107906,73,2021/06/23,10:20:22
a4d39396-bf26-4279-a747-8bc71f101f66,HG1 05M,49.275324,-123.113577,40,2021/06/23,10:20:22
a4d697f1-43a3-41be-82cd-e11512a9e4dd,EF9 19D,49.229372,-123.067027,87,2021/06/23,10:20:22
a4f06880-1d94-486c-a238-4008caee7590,CH7 07A,49.245341,-123.1203,40,2021/06/23,10:20:22
a53362c3-4911-43d8-83a2-356234cde66a,BE2 78P,49.262681,-123.255505,52,2021/06/23,10:20:22
a55bf1e1-327c-4dbf-b383-e41767878fb3,CR2 41N,49.243161,-123.158943,97,2021/06/23,10:20:22
a5f2d39f-b10b-4df3-b26b-aef549cc4821,AE1 36K,49.27238,-123.023787,96,2021/06/23,10:20:22
a640e3dd-bcad-4c2d-b8c2-c10f667f32f1,HM8 31D,49.370652,-123.098307,97,2021/06/23,10:20:22
a720fa43-fc1e-41d4-b9c0-62cc20dc1b1e,HG1 26M,49.225114,-122.998826,34,2021/06/23,10:20:22
a7c07fd5-e8d1-4674-9d1b-52b9bb0c8992,DN7 60K,49.327937,-123.08953,55,2021/06/23,10:20:22
a800225f-0b00-4345-aa5c-5c64912a75e5,CH5 73A,49.246036,-123.185149,45,2021/06/23,10:20:22
a8265bb3-31c5-4f3d-98e0-14b7bb7eeddb,CH6 88A,49.265986,-123.258361,79,2021/06/23,10:20:22
a85c440e-5599-4e7f-84ca-8a396346ccec,HT6 49P,49.219188,-123.122441,63,2021/06/23,10:20:22
a874abe4-5199-4c27-85fa-98cc6df08dd5,HG1 33M,49.326939,-123.062961,94,2021/06/23,10:20:22
a8c77deb-7264-4f92-8a4e-f6466717be94,HG2 29M,49.234254,-123.116687,46,2021/06/23,10:20:22
a8df0e31-0510-432f-9aea-9c6c705f0fa6,CR2 57N,49.248644,-123.062705,72,2021/06/23,10:20:22
a8ee9c3e-fb96-4c48-ae2b-b6a2e8f707b6,CH6 28A,49.262952,-123.042523,96,2021/06/23,10:20:22
a8f1cede-b3ad-4cdb-8816-d980c307d906,HG1 11M,49.28298,-123.091103,49,2021/06/23,10:20:22
a90090cd-7fe0-41a8-98a5-dfe012798b90,HG2 37M,49.308825,-123.005764,85,2021/06/23,10:20:22
a9208ba2-6c79-4f95-ae69-24592093e0bd,CH5 67A,49.210617,-122.901158,52,2021/06/23,10:20:22
a93adfa5-c1ea-4458-bc10-81e0091b5182,DN8 13K,49.370803,-123.098866,49,2021/06/23,10:20:22
a9577669-6632-47f8-aa77-d9ea685fbfb8,HG2 03M,49.251773,-123.136713,48,2021/06/23,10:20:22
a9612902-8adc-49f0-938f-0ad194b5c415,DN7 07K,49.216983,-123.025104,69,2021/06/23,10:20:22
a979a6f7-ce5e-46a5-a952-be4790675458,DN7 67K,49.214836,-122.915572,96,2021/06/23,10:20:22
a9841491-30d8-440f-82ac-559e68f68268,DN9 22K,49.279988,-123.107401,25,2021/06/23,10:20:22
aa6173ed-dd02-43da-9aae-61216e9d16ce,EV0 36X,49.270006,-123.095318,52,2021/06/23,10:20:22
ab6ca964-b94c-401b-bf09-41b6e66bd1c0,CH7 12A,49.28216,-123.115638,96,2021/06/23,10:20:22
ac038808-9e08-4985-ac92-0abc55541ca6,HM8 07D,49.232182,-122.882816,61,2021/06/23,10:20:22
ac221fab-3b7e-4dca-8883-4fce5974a102,CR3 17N,49.25195,-123.067104,15,2021/06/23,10:20:22
ac777f9a-a19a-4c84-8334-89aeff6123ff,EV0 65B,49.210727,-122.919718,54,2021/06/23,10:20:22
ac8880f2-f7f6-43b2-8570-ad26ecfef15b,EV0 93B,49.286489,-123.140673,61,2021/06/23,10:20:22
ac88f201-5c14-49b0-a4a6-ac1d17eb62cc,CH6 43A,49.328273,-123.097792,97,2021/06/23,10:20:22
ad156557-18d3-4237-80b1-72253fea4dc4,CR2 54N,49.26169,-123.242536,94,2021/06/23,10:20:22
adec4a82-a7af-4cb5-8fdf-34c3f7a68d0f,DN7 98K,49.261797,-123.24655,96,2021/06/23,10:20:22
ae404be2-68a2-4deb-9201-8536bbc3894e,BE2 52P,49.284002,-123.107779,37,2021/06/23,10:20:22
ae752cbe-7f7f-4bf8-a43c-ac7b34105aec,AE1 29K,49.260618,-123.245819,36,2021/06/23,10:20:22
aeed4e66-a6b6-46a9-a184-2b97e0ea2ea3,BE3 13P,49.262661,-123.255326,25,2021/06/23,10:20:22
af06b90d-6cc5-4dfa-bc06-360998019a55,HM7 99D,49.286919,-123.023623,97,2021/06/23,10:20:22
af654f9f-89d8-462c-95e5-208de0cd25b9,EV0 60B,49.215499,-123.138973,97,2021/06/23,10:20:22
af663705-1ede-42fc-8be4-9177f959162c,DN9 12K,49.290671,-123.023969,97,2021/06/23,10:20:22
af69dc54-bb4d-44e4-bfd8-358e0fe167bb,EV0 44C,49.286477,-123.112563,31,2021/06/23,10:20:22
af7484d9-ab3a-41d1-affb-01f669309305,DN7 65K,49.285446,-123.117592,97,2021/06/23,10:20:22
afe4d2ca-b43f-46e7-80d3-9ad347650fa2,FS7 56K,49.286417,-123.126863,49,2021/06/23,10:20:22
b0242ae9-4151-4173-89fb-20f7204dcc87,HG1 89M,49.267931,-123.198363,97,2021/06/23,10:20:22
b05e2404-8549-4dc8-90f8-c8fe7bfa92a7,CH6 39A,49.309345,-123.004668,66,2021/06/23,10:20:22
b074ee67-6be3-4304-9325-0eaadfe6e13a,CR2 03N,49.272846,-123.023815,55,2021/06/23,10:20:22
b0bd7e75-7baf-49a0-be55-3ea0558c957c,HG2 79M,49.314591,-123.095365,84,2021/06/23,10:20:22
b1167140-be3b-46ef-b849-9ada684a4ddd,CR2 95N,49.319343,-123.069331,19,2021/06/23,10:20:22
b21f8524-5aba-4996-aac3-d8c1132296bc,EV0 81X,49.279266,-123.109123,25,2021/06/23,10:20:22
b29d9bd8-92b5-49a8-8818-2ddc73202092,EV0 88A,49.285291,-123.117584,63,2021/06/23,10:20:22
b2c2236c-3d96-406a-8b19-93955bac6e05,EV0 96A,49.283889,-123.107878,97,2021/06/23,10:20:22
b341687e-3938-4e63-82fc-a31454977125,DN7 05K,49.202253,-123.023487,84,2021/06/23,10:20:22
b3bc17c2-c6d8-4dce-8197-d7923e870ec6,HG1 67M,49.267515,-123.257444,97,2021/06/23,10:20:22
b3d915dd-52c9-484c-85fe-b367a01e1cc2,EV0 00B,49.326167,-123.135883,73,2021/06/23,10:20:22
b402daec-ede0-42de-852f-fea86a93a193,EF9 13D,49.312132,-123.032165,58,2021/06/23,10:20:22
b4434e77-aaf5-4605-94aa-55e0eeb579cc,CH5 82A,49.261505,-123.242656,51,2021/06/23,10:20:22
b4906e13-3d86-4834-affe-64c6fce0568f,CR2 61N,49.285062,-123.054496,70,2021/06/23,10:20:22
b4dfc215-99d4-4e2c-8ac5-9abb8148c5e5,EV0 97B,49.191589,-123.152455,31,2021/06/23,10:20:22
b53270c2-0ef5-4447-ba05-1009f163a1ce,CH6 79A,49.22087,-122.916296,97,2021/06/23,10:20:22
b56f87af-c319-49fd-a321-ed5bf1e5a0bf,AE2 72K,49.268185,-123.213892,34,2021/06/23,10:20:22
b62099c6-bb8d-418d-8bc1-46973781fcc1,EV0 24B,49.277661,-122.912165,46,2021/06/23,10:20:22
b62d0056-6d75-40c3-867c-47ce398dede4,DN9 15K,49.320858,-123.075638,27,2021/06/23,10:20:22
b7960df4-44c3-4fee-960b-c56a16a3091d,HT6 38P,49.214147,-122.911791,54,2021/06/23,10:20:22
b7991518-571c-4a65-a6b7-e15e657fdc35,BE3 11P,49.267491,-123.089519,55,2021/06/23,10:20:22
b7d1dd97-5d12-463e-b1b4-2d0fa4aade34,CR3 13N,49.221452,-123.126292,97,2021/06/23,10:20:22
b7e8f970-5a21-4cd7-b698-24fd026d5ba5,HG1 35M,49.282945,-123.117933,81,2021/06/23,10:20:22
b8043623-75b9-4160-97ff-227d914edbe3,EV0 40A,49.246266,-123.123693,97,2021/06/23,10:20:22
b818ea03-5c10-4e78-bc59-5f13d5c2df1c,EV0 03C,49.259943,-123.253679,57,2021/06/23,10:20:22
b8347f31-b8e6-4808-aa20-c2a66fa27072,HE3 68J,49.234508,-123.193845,81,2021/06/23,10:20:22
b845d978-ce0a-4ae2-9773-dd6325a95373,CR2 90N,49.266007,-123.257533,54,2021/06/23,10:20:22
b961ed96-7779-4a4f-b391-81fb97fd0ed7,HM8 22D,49.232306,-122.882941,79,2021/06/23,10:20:22
b98a4e70-4aaa-4e57-8c95-1e88b4bfd902,EV0 48X,49.28398,-123.10784,94,2021/06/23,10:20:22
ba126523-bb08-4698-a960-cb12f196a826,EV0 33B,49.272945,-123.209051,52,2021/06/23,10:20:22
ba6a017e-c19c-4664-92a0-92fead98829e,BV2 85D,49.285877,-123.11965,22,2021/06/23,10:20:22
ba76c9b1-a9aa-43cd-a5b4-32ecb4a2e6bf,CH5 56A,49.287791,-123.119736,31,2021/06/23,10:20:22
bb43c0eb-0bbf-4a2f-944b-0e28e2bc8ecb,CH6 23A,49.286212,-123.114666,15,2021/06/23,10:20:22
bb69c093-4452-4272-a2bc-9bc019c699aa,EV0 35X,49.260755,-123.245935,25,2021/06/23,10:20:22
bb875966-78c2-421a-bdf2-b82e555ba6c9,CH5 78A,49.282097,-123.024193,79,2021/06/23,10:20:22
bbdd363d-8d1a-4b22-aa15-7a736e1ae42c,CR3 06N,49.217298,-123.135294,97,2021/06/23,10:20:22
bbe07051-041e-48d8-b3bf-a18c25545e56,CH6 85A,49.276443,-123.078568,96,2021/06/23,10:20:22
bc1758ab-7c4c-482e-9f8a-c52e97847c3e,DN7 20K,49.262634,-123.255342,97,2021/06/23,10:20:22
bc2407ed-670a-4b2f-9827-4225bba9e748,CH5 69A,49.248541,-122.998962,40,2021/06/23,10:20:22
bc37478a-7eaf-4554-b30c-201dced6aa09,HG2 90M,49.281765,-123.028276,90,2021/06/23,10:20:22
bc5d50fe-11fb-40ea-8038-03657d9bafef,BE3 09P,49.267544,-123.257544,45,2021/06/23,10:20:22
bc674fab-0e1c-4741-9413-8d3b3235ffcc,EV0 85B,49.263625,-123.119837,43,2021/06/23,10:20:22
bca18ec6-2869-4ecf-a8a5-b78f052a1d1a,DN8 92K,49.316754,-123.064291,97,2021/06/23,10:20:22
bccd4f55-2ee6-4834-a220-7f6d468372d9,EV0 03A,49.214128,-122.934374,54,2021/06/23,10:20:22
bcceb22f-c820-4988-9589-a5429c13862e,CR2 50N,49.282146,-123.023964,31,2021/06/23,10:20:22
bd20d14e-005e-4873-9566-d4039616e49f,CH5 93A,49.283093,-123.117958,25,2021/06/23,10:20:22
bdd6b474-82e9-42b1-9b9b-79f64cee0aa0,EV0 58A,49.239263,-123.072062,76,2021/06/23,10:20:22
bdee3729-474f-4b4e-bee3-51185b22ae5f,BV2 88D,49.247197,-123.141604,97,2021/06/23,10:20:22
be803a39-6051-4bea-aede-06f974c2f73a,BE2 85P,49.266596,-123.030403,97,2021/06/23,10:20:22
be86cee8-28ef-4852-a0ac-2b0d8a150d07,DN6 82K,49.259879,-123.04445,12,2021/06/23,10:20:22
bef7af62-8b40-4d2a-863c-5ee5f9b86391,EV0 26A,49.328441,-123.085919,48,2021/06/23,10:20:22
befccd32-5472-4049-89e3-a4cc46c310df,HG1 46M,49.281347,-123.08722,82,2021/06/23,10:20:22
bfb098da-7f17-4161-9934-d69dd1600a86,CR2 36N,49.281057,-123.106904,96,2021/06/23,10:20:22
c0042660-1b3f-4028-875a-ee24d0332068,CH6 12A,49.210709,-123.073981,27,2021/06/23,10:20:22
c016c325-046f-42ef-8abc-f271f4ac5913,CH6 20A,49.268901,-123.250775,85,2021/06/23,10:20:22
c0832cce-ccb0-45f8-9f60-579c93d1484a,HE3 08J,49.269841,-123.036419,97,2021/06/23,10:20:22
c100f947-6d4b-47d3-ade7-f4fcb4667877,HG2 46M,49.210315,-123.064718,97,2021/06/23,10:20:22
c12ecb54-69eb-496b-b0f3-6e61e9bd46c3,EV0 55X,49.254195,-123.024382,42,2021/06/23,10:20:22
c1538fb2-3999-4887-93d2-6200af385c12,EV0 82B,49.309439,-123.004642,78,2021/06/23,10:20:22
c1b2b5fe-583b-4aad-8bcf-f52fd1c987ff,CR2 12N,49.32087,-123.102243,33,2021/06/23,10:20:22
c1c8cfba-52cb-4315-bfed-a7fb372f8ce1,DN7 09K,49.323311,-123.097004,36,2021/06/23,10:20:22
c23d9d33-d3df-49c2-94d6-cb1a1de35492,BE2 64P,49.327189,-123.070137,97,2021/06/23,10:20:22
c256526e-8507-4d7a-a7f6-8a908e1d26dc,EV0 05A,49.232298,-122.882815,97,2021/06/23,10:20:22
c25b65ce-a0d6-4ad0-8a25-a426359e1a50,BV3 17D,49.206427,-122.926732,90,2021/06/23,10:20:22
c2fc9b81-1940-4182-a4ed-349b71932c29,EV0 16C,49.227539,-123.129765,90,2021/06/23,10:20:22
c3147110-bc94-47a5-93b3-f29ab8a01eff,EV0 39X,49.325902,-123.135852,97,2021/06/23,10:20:22
c31bfcf0-9097-4e88-a3ba-74dacb5f51de,CH6 93A,49.323584,-123.099523,18,2021/06/23,10:20:22
c31e3cae-da79-4471-91a6-21106a85b2d2,HM7 98D,49.322311,-123.066157,57,2021/06/23,10:20:22
c37c6ef3-d1c4-49ed-907b-94f9c8efefe3,HG1 41M,49.370612,-123.09826,87,2021/06/23,10:20:22
c3a3622c-31a6-4cc7-a503-c82691815d12,DN7 80K,49.25036,-123.072218,46,2021/06/23,10:20:22
c3c0243b-0b7f-4105-a82f-935902d2b358,DN7 61K,49.309382,-123.00464,60,2021/06/23,10:20:22
c42aabd1-3d34-425a-b1b5-b49230f55971,CH6 16A,49.28372,-123.112586,30,2021/06/23,10:20:22
c48fceb3-4ceb-4f3a-935d-63eaab9b17c5,CH6 25A,49.236575,-123.078228,85,2021/06/23,10:20:22
c5430f38-a2e6-417d-9fa0-6f70fa3c1c71,DN7 25K,49.262843,-123.255012,52,2021/06/23,10:20:22
c58bc86d-a5ad-4fba-b55e-8c6b4520f2d6,EV0 56A,49.254306,-123.003892,97,2021/06/23,10:20:22
c5a2b404-f904-49ee-bee2-7ee34954bd08,EV0 19A,49.31983,-123.021644,45,2021/06/23,10:20:22
c5f06cd7-7d97-4094-b217-ff848c0739f5,HG2 77M,49.282292,-123.106642,34,2021/06/23,10:20:22
c61378de-c7c1-4c57-b6a7-cc752fc5a851,HG1 29M,49.268031,-123.214977,97,2021/06/23,10:20:22
c688bd22-179f-457d-89cb-3b0efe2de621,DN6 99K,49.283823,-123.087736,94,2021/06/23,10:20:22
c69133dc-370d-430d-890f-9f7a13751d14,BE2 77P,49.265614,-123.202029,51,2021/06/23,10:20:22
c697ba58-d062-4718-a027-a2defd529298,DN7 96K,49.314441,-123.093272,16,2021/06/23,10:20:22
c6ab30a5-f3e9-41ed-8864-fcdd017a748c,HG2 92M,49.251645,-123.125108,97,2021/06/23,10:20:22
c6c87145-7341-4c21-a981-6243445fb4e4,CH6 36A,49.231788,-123.133507,97,2021/06/23,10:20:22
c82b1da4-3af6-45b1-bf57-e9759eee328f,EV0 10B,49.261555,-123.046976,84,2021/06/23,10:20:22
c82cc3e0-741a-4fc6-9f9f-eae4d6ad9df8,HT6 36P,49.239833,-123.07395,81,2021/06/23,10:20:22
c88444ce-cc92-4a27-953c-67e8c4f9ff7d,EV0 15B,49.256318,-123.151968,97,2021/06/23,10:20:22
c8ce046b-a0d8-4bc6-8edc-a8cfd2ff5edd,HG1 27M,49.32126,-123.102349,28,2021/06/23,10:20:22
c9588fcf-edf5-4198-9678-ce82ddf66f74,EV0 76B,49.258442,-123.211575,51,2021/06/23,10:20:22
ca0ca3c3-1ad9-4ac0-9ac5-44dd0fdbc368,HG1 10M,49.227362,-123.168423,97,2021/06/23,10:20:22
ca1c743f-fc00-4dcb-9fd5-3700106ed90e,CH7 13A,49.290145,-123.126061,93,2021/06/23,10:20:22
ca970746-de4c-4186-b9a0-7e862e4b7aaf,BE2 81P,49.309469,-123.004628,46,2021/06/23,10:20:22
ca9abe7e-8843-45c2-8493-c60f5a698d50,CR3 38N,49.260768,-123.245917,94,2021/06/23,10:20:22
cafc4905-1423-43a1-9e9d-c57c89d93bb4,EV0 63A,49.284544,-123.096771,33,2021/06/23,10:20:22
cb3768fa-8d6a-4a45-956a-0d956fa8458c,BV3 04D,49.244471,-123.128181,51,2021/06/23,10:20:22
cb45c20f-443b-4127-a74d-8f9544fa8d43,EV0 47A,49.191607,-123.152527,45,2021/06/23,10:20:22
cb63ed72-9b70-46b1-be90-6fc9c6658042,BV2 92D,49.262643,-123.254954,27,2021/06/23,10:20:22
cbab7e5f-1c88-437e-91fa-de4440e032aa,EV0 20X,49.205793,-122.930752,79,2021/06/23,10:20:22
cc014838-4b88-42ee-a0be-d21a9461a291,DN8 85K,49.286511,-123.112904,18,2021/06/23,10:20:22
cc134a47-e3de-4093-bd94-8129639f6e57,HT6 27P,49.308855,-123.005567,97,2021/06/23,10:20:22
cc3ee3e8-d9f1-4759-8907-cc3368d3e89e,CR2 63N,49.293461,-123.13643,18,2021/06/23,10:20:22
cc82726a-d125-4c09-9e6e-94d7cd410e95,EV0 05C,49.257617,-123.033591,97,2021/06/23,10:20:22
ccab6315-3ed0-447f-b2a4-444576ec6a20,EV0 58X,49.287641,-123.023591,33,2021/06/23,10:20:22
cd4da4bc-efa2-4d24-99ee-3fbd4cef4365,BE2 55P,49.237413,-123.033292,69,2021/06/23,10:20:22
cde6d154-e328-4557-b812-983050e2b174,HM8 33D,49.286277,-123.11244,66,2021/06/23,10:20:22
ce17f689-3265-46e4-9d83-dd6100d719c1,CH5 75A,49.326149,-123.135843,45,2021/06/23,10:20:22
ce4cf12f-60ee-407e-9456-3696af525e8e,EV0 56X,49.279182,-123.109208,88,2021/06/23,10:20:22
ce746bf8-3843-443d-8d35-26ed131918de,BE3 38P,49.283293,-123.111312,33,2021/06/23,10:20:22
ce883ea5-61c4-4b6a-867b-e5c9e869d015,DN6 78K,49.215036,-122.908394,88,2021/06/23,10:20:22
cf5a681c-64c3-4264-a6b7-6ebb9016c382,DN7 33K,49.273664,-123.086236,51,2021/06/23,10:20:22
cf999b93-2e2c-4b2b-9623-3a9ffbc7177c,BV3 21D,49.285812,-123.115033,39,2021/06/23,10:20:22
cfb5fd35-09c0-4bba-b605-8d11b4482f9c,BE2 50P,49.282236,-123.092842,31,2021/06/23,10:20:22
d0006133-f851-4045-a4cd-323bc4e47970,FK0 79L,49.247182,-123.124442,16,2021/06/23,10:20:22
d086229c-f3dc-405f-bd55-18960f630c31,DN7 83K,49.282367,-123.086108,46,2021/06/23,10:20:22
d09f2843-b2d2-4ff2-903d-568cc09473f0,CH7 46A,49.261849,-123.254285,37,2021/06/23,10:20:22
d0d95789-c7d0-420d-bb91-b9c4deadca9c,FS7 52K,49.268968,-123.250834,18,2021/06/23,10:20:22
d0e2ee9d-5bab-4750-b613-3164ad7789d7,CH5 62A,49.263936,-123.117393,97,2021/06/23,10:20:22
d13f3fa6-a425-4eec-ae0a-5b52b271fd6e,EV0 53A,49.24525,-123.119639,57,2021/06/23,10:20:22
d15c31b3-a787-4a25-baf1-d950536b45de,AE0 79K,49.326067,-123.136254,45,2021/06/23,10:20:22
d1716229-67e7-4450-8243-82b88005c293,CH5 88A,49.226371,-122.89279,42,2021/06/23,10:20:22
d1725338-ad8d-4709-b7ef-7cb6578779a4,HM7 77D,49.314012,-123.099646,72,2021/06/23,10:20:22
d1809d51-6f1c-41fa-b8e3-ccbd6c1adea0,FS7 37K,49.266092,-123.258586,54,2021/06/23,10:20:22
d18215b2-ab40-4815-91bb-1e24431728ce,HG2 30M,49.23119,-123.061268,34,2021/06/23,10:20:22
d184ea96-c838-4a83-9048-e1dd2fb192ac,HE3 44J,49.326013,-123.135882,31,2021/06/23,10:20:22
d1aadc96-a6a9-40df-9f62-1728da46683f,EF9 00D,49.246208,-123.123772,93,2021/06/23,10:20:22
d25d1d3b-6490-490d-9309-618dd16226eb,HM7 95D,49.233205,-123.086856,97,2021/06/23,10:20:22
d2b5876c-9c3b-4c60-9bc3-36a3e97eddcc,EV0 22A,49.285164,-123.117685,97,2021/06/23,10:20:22
d2c351fe-8bdd-4722-b89d-f33372b78850,BE3 06P,49.260024,-123.253677,88,2021/06/23,10:20:22
d3267a93-cfd0-4d9e-b85e-8b74bb3ee439,DN7 68K,49.313565,-123.096665,60,2021/06/23,10:20:22
d3717e01-5506-4ad3-8baa-46dc2d0d76a9,FS7 32K,49.256534,-123.053043,40,2021/06/23,10:20:22
d3de78fd-521e-4148-b634-296fc7ad3979,DN6 81K,49.245046,-123.068976,31,2021/06/23,10:20:22
d45abb0e-0dbd-4005-a326-e824b013c0f8,HM7 75D,49.317829,-123.06562,28,2021/06/23,10:20:22
d497e7a3-a0d7-4805-95d4-52aba611b179,HG2 65M,49.279972,-123.061833,97,2021/06/23,10:20:22
d4d1026a-8c2b-425e-af70-3122e82cc367,CH6 37A,49.229467,-123.09078,28,2021/06/23,10:20:22
d51690fe-ed8c-40fc-9e56-37478b07c18b,HG1 45M,49.262671,-123.254984,37,2021/06/23,10:20:22
d548b54e-628b-4e45-9cca-c0b0d4034618,HG2 55M,49.309829,-123.072048,30,2021/06/23,10:20:22
d61cd5e2-eda3-4795-bbda-d622ec6af30b,DN7 46K,49.258691,-123.250817,57,2021/06/23,10:20:22
d6539484-6795-4625-8701-1fcbc7586f93,DN7 59K,49.330414,-123.085448,25,2021/06/23,10:20:22
d67a883c-c0b0-4a5f-885e-499c04fa42a5,EV0 95B,49.23568,-122.89419,52,2021/06/23,10:20:22
d68daae2-0c0b-4895-b5be-643cbae76c37,CH7 06A,49.331066,-123.093583,96,2021/06/23,10:20:22
d6b30835-49b7-4540-b88b-67ff1a1c04e6,HE3 10J,49.203473,-122.906049,97,2021/06/23,10:20:22
d75be853-ce93-4719-96ef-77138aa0f0cc,DN7 66K,49.263781,-123.11748,87,2021/06/23,10:20:22
d78cb753-9ff3-4bdf-92e7-abdff0a80693,CH6 63A,49.247088,-123.055457,97,2021/06/23,10:20:22
d7e4cd66-325d-4a8e-b84c-639fd70b7815,EF9 04D,49.316525,-123.075006,36,2021/06/23,10:20:22
d7fa576d-5be8-419b-891b-16e908f0e87e,HE3 56J,49.254418,-123.003596,94,2021/06/23,10:20:22
d87cdf01-b61d-40c9-8694-292239d87aa9,HG1 90M,49.285635,-123.12068,90,2021/06/23,10:20:22
d8af4574-76fb-4d7e-ba08-9f310e204ed4,EV0 35B,49.245232,-123.11953,70,2021/06/23,10:20:22
d8c6b074-9385-4c17-806e-61236e4bbaec,CR2 26N,49.260769,-123.044128,27,2021/06/23,10:20:22
d90f3be1-3746-4f81-8503-a99b1d01fae0,CR2 21N,49.259337,-123.02861,94,2021/06/23,10:20:22
d955baff-20fc-4d0d-b52f-84b99e406137,HM7 83D,49.265942,-123.258447,37,2021/06/23,10:20:22
d9f1a940-6392-437c-abad-390373ac5b63,CR2 72N,49.270739,-123.145947,36,2021/06/23,10:20:22
d9f294a7-e0e3-4a56-a288-4f9c61dff77d,EV0 28X,49.328227,-123.070061,97,2021/06/23,10:20:22
da38563e-b7cd-4b0b-bd97-db2e279ccb80,DN8 35K,49.314965,-123.078252,61,2021/06/23,10:20:22
da3f2986-0765-4712-95cd-e18a5f5d5397,CH6 70A,49.268466,-123.040696,97,2021/06/23,10:20:22
da989c9f-b329-402e-aa9f-ca4bc8b931cb,HE3 64J,49.267675,-123.100437,75,2021/06/23,10:20:22
daa0be36-c320-4d4e-9500-311b772fc76f,BE3 00P,49.246257,-123.123334,18,2021/06/23,10:20:22
dad5713c-a49f-4039-a83b-0c3c927f2b5d,HG2 63M,49.32616,-123.135792,31,2021/06/23,10:20:22
dadf9ec7-4230-4e2c-82be-35409922182b,AE1 58K,49.315514,-123.019432,60,2021/06/23,10:20:22
db48f54e-01b9-4ead-8ff3-960e7d7ee395,CH6 55A,49.309441,-123.004685,96,2021/06/23,10:20:22
db80e4bd-9cb8-4a80-b0ac-887c1563941f,CH6 46A,49.282939,-123.118051,97,2021/06/23,10:20:22
db963eec-f726-4cef-9195-33f59ed6f5c4,EV0 90A,49.250522,-123.070183,91,2021/06/23,10:20:22
dc28d8a9-1171-4245-a74f-7cd398983088,EF9 07D,49.250033,-123.167229,54,2021/06/23,10:20:22
dcb3eb97-d020-43b8-b980-be3e326883b5,BE2 79P,49.238809,-123.086931,39,2021/06/23,10:20:22
dd5239f5-db29-46bf-9aee-60fbe45c39de,HG2 08M,49.314583,-123.095315,49,2021/06/23,10:20:22
ddf6b47e-ce8a-4dfc-835d-6cae7186b230,EV0 77A,49.260534,-123.245739,49,2021/06/23,10:20:22
de6c8229-f5dc-4c48-9fff-38807e6c1945,EV0 11X,49.283217,-123.109418,97,2021/06/23,10:20:22
df2eff35-af92-4fe4-b53b-9e40934a9268,BE2 83P,49.31397,-123.099533,78,2021/06/23,10:20:22
df317661-4643-44b9-b862-d61723b8a4bc,BE2 86P,49.207017,-123.138908,67,2021/06/23,10:20:22
df3464cb-d000-418d-8c04-cbbc14943484,HG2 16M,49.221484,-123.125998,54,2021/06/23,10:20:22
df5109a8-f036-4d43-9a98-6d70aa994a3c,CH7 10A,49.242328,-123.123946,22,2021/06/23,10:20:22
dfa6f189-6093-4899-82e9-2fdd8adb8060,CR3 05N,49.279247,-123.109275,57,2021/06/23,10:20:22
e009ec75-b895-457a-8a3c-79affd872cfa,BV3 23D,49.280757,-123.126277,52,2021/06/23,10:20:22
e08b4cb7-3dba-4213-823c-8bfaa863cfb9,CH5 58A,49.23101,-123.174034,52,2021/06/23,10:20:22
e212284e-72f8-44e0-88e7-637479e176b2,AE1 97K,49.260669,-123.245852,45,2021/06/23,10:20:22
e2128d6f-6a5f-4abf-8efa-479ade512753,CH7 16A,49.248496,-122.999123,97,2021/06/23,10:20:22
e28a41b7-27ce-47a1-8ff0-0b196ff6bfb9,CR2 96N,49.254237,-123.003914,97,2021/06/23,10:20:22
e2957325-0386-443d-8dbb-201fe6b65395,EV0 81A,49.231032,-123.091186,97,2021/06/23,10:20:22
e325c378-483b-410d-ba50-4d50c6f0f413,HG1 39M,49.271736,-123.159213,79,2021/06/23,10:20:22
e340d71e-08f4-4923-98ed-9dae4bd7c5ba,CH6 83A,49.262726,-123.255241,22,2021/06/23,10:20:22
e3d38948-b2e8-46b6-96c5-623ea0e54a90,BV3 19D,49.269005,-123.248317,10,2021/06/23,10:20:22
e3ee4ef7-1654-42c4-bee0-1e5f59a80f32,HG1 65M,49.286067,-123.121255,34,2021/06/23,10:20:22
e406a463-dc39-4fb2-a18e-92565a10998a,DN8 59K,49.263848,-123.119799,85,2021/06/23,10:20:22
e44ef65a-bdb8-4d10-9c58-e7cc3801cad0,CH5 68A,49.283429,-123.117783,49,2021/06/23,10:20:22
e47a8eb0-82f8-42da-8b91-d38f42877b17,EV0 31A,49.269621,-123.103362,43,2021/06/23,10:20:22
e5585a9e-60bd-4988-859a-b492f64ed888,AE0 91K,49.284614,-123.084375,73,2021/06/23,10:20:22
e56335a3-8f0c-46c9-935a-1f6f1afa0fdf,CH5 92A,49.273236,-123.024781,78,2021/06/23,10:20:22
e5aafaf8-eeb8-4bd3-9b30-480d49fe0177,CR2 77N,49.312901,-123.047702,51,2021/06/23,10:20:22
e63315b9-87ac-419c-a56c-cef541fbf570,HT6 31P,49.259656,-123.253432,66,2021/06/23,10:20:22
e67c6908-efe7-4179-9bb6-58e7842738fc,HM7 80D,49.24702,-123.073523,61,2021/06/23,10:20:22
e68494af-e4b2-45eb-a31c-85ca3322dce7,CR2 49N,49.285987,-123.120026,55,2021/06/23,10:20:22
e6dba5d2-4b09-4171-87bd-24311ba789b5,EV0 16B,49.260659,-123.245869,31,2021/06/23,10:20:22
e781c301-9900-4db5-86e2-b02cd9c2e7ec,EV0 49C,49.270608,-123.142685,33,2021/06/23,10:20:22
e8051ddd-6a34-4fcd-bef7-10c53a14fad2,DN8 49K,49.233439,-123.065779,97,2021/06/23,10:20:22
e817dfee-49e5-4f0f-b589-af7a53594bc4,EV0 64B,49.27221,-123.136381,36,2021/06/23,10:20:22
e82ad09d-3f21-42f9-9caa-4da666b6bc28,DN6 75K,49.370459,-123.098372,52,2021/06/23,10:20:22
e84dea66-7cfd-4643-8d65-412dd5842a84,FS7 51K,49.246288,-123.123778,51,2021/06/23,10:20:22
e8660b07-6e1d-47c3-8141-9db7134c9a44,CR2 34N,49.284298,-123.093448,94,2021/06/23,10:20:22
e8ef45d0-9e60-4b9f-abbf-f747ba21f0a4,DN9 19K,49.287699,-123.045697,67,2021/06/23,10:20:22
e99d1021-eb95-4af1-8591-f4990c2aa47f,DN6 86K,49.262752,-123.255118,87,2021/06/23,10:20:22
e9ab48bd-d7dd-4ed4-800d-573c9784d36c,CR2 98N,49.23713,-123.110395,24,2021/06/23,10:20:22
ea50d338-0dde-4faf-8e48-60cbaddd3b12,HG1 84M,49.310496,-123.077895,33,2021/06/23,10:20:22
ea94c621-0e0a-4c2d-821c-82fc64e705c9,HM8 29D,49.273892,-123.023774,39,2021/06/23,10:20:22
eac82f42-8d55-4cf6-ad9d-1702fe6f78a6,EV0 45C,49.325869,-123.135994,85,2021/06/23,10:20:22
eb8e64fa-f8c4-453b-9f78-78525436cd33,DN7 51K,49.325827,-123.066073,72,2021/06/23,10:20:22
ebef1c50-9f50-11ea-92cc-0afbea6c3d0c,KL2 72A,49.267464,-123.113766,36,2021/06/23,10:20:22
ebef5b1c-9f50-11ea-92cc-0afbea6c3d0c,KL0 78A,49.285426,-123.11785,68,2021/06/23,10:20:22
ebefd3ca-9f50-11ea-92cc-0afbea6c3d0c,KL0 79A,49.286874,-123.120797,46,2021/06/23,10:20:22
ebf0d979-9f50-11ea-92cc-0afbea6c3d0c,KL0 94A,49.245649,-123.069303,94,2021/06/23,10:20:22
ebf15b0c-9f50-11ea-92cc-0afbea6c3d0c,KL0 84A,49.319762,-123.021463,24,2021/06/23,10:20:22
ebf19a30-9f50-11ea-92cc-0afbea6c3d0c,KL0 92A,49.206243,-122.922714,56,2021/06/23,10:20:22
ebf35066-9f50-11ea-92cc-0afbea6c3d0c,KL0 53A,49.226319,-122.892745,86,2021/06/23,10:20:22
ebf5d0ab-9f50-11ea-92cc-0afbea6c3d0c,KL0 93A,49.248372,-123.138115,60,2021/06/23,10:20:22
ebf6cfec-9f50-11ea-92cc-0afbea6c3d0c,KL2 65A,49.248122,-123.12444,36,2021/06/23,10:20:22
ebf80a69-9f50-11ea-92cc-0afbea6c3d0c,KL0 57A,49.260561,-123.245734,80,2021/06/23,10:20:22
ebf955de-9f50-11ea-92cc-0afbea6c3d0c,KL0 85A,49.208401,-123.033775,21,2021/06/23,10:20:22
ebf99396-9f50-11ea-92cc-0afbea6c3d0c,KL0 69A,49.217206,-123.039222,40,2021/06/23,10:20:22
ebf9d545-9f50-11ea-92cc-0afbea6c3d0c,KL0 87A,49.269169,-123.082083,94,2021/06/23,10:20:22
ebfbd026-9f50-11ea-92cc-0afbea6c3d0c,KL1 02A,49.279478,-123.100904,55,2021/06/23,10:20:22
ebfc0e74-9f50-11ea-92cc-0afbea6c3d0c,KL2 90A,49.285343,-123.117869,25,2021/06/23,10:20:22
ebfc5342-9f50-11ea-92cc-0afbea6c3d0c,KL0 51A,49.280329,-123.084913,25,2021/06/23,10:20:22
ebfc9347-9f50-11ea-92cc-0afbea6c3d0c,KL0 83A,49.265142,-123.123693,16,2021/06/23,10:20:22
ebfe21f8-9f50-11ea-92cc-0afbea6c3d0c,KL2 22A,49.231498,-123.038829,38,2021/06/23,10:20:22
ebff58ae-9f50-11ea-92cc-0afbea6c3d0c,EV0 74X,49.285387,-123.051877,94,2021/06/23,10:20:22
ec01928b-9f50-11ea-92cc-0afbea6c3d0c,KL0 81A,49.372412,-123.099651,76,2021/06/23,10:20:22
ec031167-9f50-11ea-92cc-0afbea6c3d0c,KL2 80A,49.266644,-123.258853,28,2021/06/23,10:20:22
ec0352a0-9f50-11ea-92cc-0afbea6c3d0c,EV0 63X,49.227056,-123.00236,94,2021/06/23,10:20:22
ec045c2c-9f50-11ea-92cc-0afbea6c3d0c,KL1 09A,49.231615,-123.186845,63,2021/06/23,10:20:22
ec049990-9f50-11ea-92cc-0afbea6c3d0c,KL0 68A,49.268837,-123.250647,94,2021/06/23,10:20:22
ec04d6dc-9f50-11ea-92cc-0afbea6c3d0c,EV0 67X,49.282651,-123.028261,52,2021/06/23,10:20:22
ec05d1fd-9f50-11ea-92cc-0afbea6c3d0c,KL0 70A,49.286657,-123.120443,25,2021/06/23,10:20:22
ec0b34b5-9f50-11ea-92cc-0afbea6c3d0c,KL0 48A,49.273631,-123.0238,50,2021/06/23,10:20:22
ec0bb17c-9f50-11ea-92cc-0afbea6c3d0c,KL0 77A,49.285586,-123.118017,31,2021/06/23,10:20:22
ec0beed6-9f50-11ea-92cc-0afbea6c3d0c,KL0 56A,49.250066,-123.136682,34,2021/06/23,10:20:22
ec0c3534-9f50-11ea-92cc-0afbea6c3d0c,KL0 52A,49.316582,-123.097787,48,2021/06/23,10:20:22
ec0ceecf-9f50-11ea-92cc-0afbea6c3d0c,KL0 61A,49.285411,-123.11804,10,2021/06/23,10:20:22
ec0da945-9f50-11ea-92cc-0afbea6c3d0c,KL0 75A,49.323962,-123.094518,30,2021/06/23,10:20:22
ec0de634-9f50-11ea-92cc-0afbea6c3d0c,KL2 84A,49.22499,-122.99895,40,2021/06/23,10:20:22
ec0e6402-9f50-11ea-92cc-0afbea6c3d0c,KL0 86A,49.283974,-123.107803,57,2021/06/23,10:20:22
ec0ea101-9f50-11ea-92cc-0afbea6c3d0c,EV0 66X,49.215838,-123.05682,26,2021/06/23,10:20:22
ec1025b3-9f50-11ea-92cc-0afbea6c3d0c,KL2 86A,49.283887,-123.092182,76,2021/06/23,10:20:22
ec11a6e8-9f50-11ea-92cc-0afbea6c3d0c,KL2 91A,49.280263,-123.024246,85,2021/06/23,10:20:22
ec13697b-9f50-11ea-92cc-0afbea6c3d0c,KL1 11A,49.285159,-123.11716,28,2021/06/23,10:20:22
ec153399-9f50-11ea-92cc-0afbea6c3d0c,EV0 70X,49.261496,-123.242606,48,2021/06/23,10:20:22
ec1922e4-9f50-11ea-92cc-0afbea6c3d0c,KL0 67A,49.2462,-123.124133,27,2021/06/23,10:20:22
ec196221-9f50-11ea-92cc-0afbea6c3d0c,KL1 15A,49.254173,-123.003914,33,2021/06/23,10:20:22
ec1a1ba3-9f50-11ea-92cc-0afbea6c3d0c,EV0 73X,49.291785,-123.024553,43,2021/06/23,10:20:22
ec1b159a-9f50-11ea-92cc-0afbea6c3d0c,KL0 60A,49.262624,-123.212288,94,2021/06/23,10:20:22
ec1e4e28-9f50-11ea-92cc-0afbea6c3d0c,EV0 78X,49.241107,-123.079021,86,2021/06/23,10:20:22
ec1f8c2b-9f50-11ea-92cc-0afbea6c3d0c,EV0 62X,49.27676,-122.910838,21,2021/06/23,10:20:22
ec200ae4-9f50-11ea-92cc-0afbea6c3d0c,KL0 66A,49.26466,-123.117433,90,2021/06/23,10:20:22
ec210639-9f50-11ea-92cc-0afbea6c3d0c,KL1 06A,49.320696,-123.102188,91,2021/06/23,10:20:22
ec2184e0-9f50-11ea-92cc-0afbea6c3d0c,KL0 11A,49.246249,-123.055857,58,2021/06/23,10:20:22
ec22fe94-9f50-11ea-92cc-0afbea6c3d0c,KL0 97A,49.28175,-123.115813,45,2021/06/23,10:20:22
ec237bcf-9f50-11ea-92cc-0afbea6c3d0c,EV0 77X,49.326048,-123.136493,16,2021/06/23,10:20:22
ec2435a3-9f50-11ea-92cc-0afbea6c3d0c,EV0 68X,49.20567,-122.930732,60,2021/06/23,10:20:22
ec256b7b-9f50-11ea-92cc-0afbea6c3d0c,KL0 55A,49.372722,-123.099308,44,2021/06/23,10:20:22
ec25a81f-9f50-11ea-92cc-0afbea6c3d0c,KL0 74A,49.286836,-123.120871,58,2021/06/23,10:20:22
ec2819c8-9f50-11ea-92cc-0afbea6c3d0c,KL2 15A,49.247101,-123.068573,96,2021/06/23,10:20:22
ec2a192f-9f50-11ea-92cc-0afbea6c3d0c,KL2 78A,49.31607,-123.09291,44,2021/06/23,10:20:22
ec2b54b3-9f50-11ea-92cc-0afbea6c3d0c,KL1 07A,49.205335,-122.904888,81,2021/06/23,10:20:22
ec2c158a-9f50-11ea-92cc-0afbea6c3d0c,KL0 49A,49.321113,-123.102398,22,2021/06/23,10:20:22
ec2c5da2-7361-4b64-ae16-c28542d1dff0,EF9 20D,49.238615,-123.08247,37,2021/06/23,10:20:22
ec2c963d-9f50-11ea-92cc-0afbea6c3d0c,EV0 59X,49.285963,-123.121821,24,2021/06/23,10:20:22
ec2e140d-9f50-11ea-92cc-0afbea6c3d0c,KL1 00A,49.191572,-123.15238,27,2021/06/23,10:20:22
ec2e57c2-9f50-11ea-92cc-0afbea6c3d0c,EV0 76X,49.219032,-123.123075,45,2021/06/23,10:20:22
ec34410f-9f50-11ea-92cc-0afbea6c3d0c,KL0 98A,49.240306,-123.083315,61,2021/06/23,10:20:22
ec347d45-9f50-11ea-92cc-0afbea6c3d0c,KL1 64A,49.225278,-122.998557,46,2021/06/23,10:20:22
ec35ad41-9f50-11ea-92cc-0afbea6c3d0c,KL0 36A,49.262909,-123.255002,32,2021/06/23,10:20:22
ec35eb0f-9f50-11ea-92cc-0afbea6c3d0c,KL1 47A,49.26238,-123.254803,94,2021/06/23,10:20:22
ec362b77-9f50-11ea-92cc-0afbea6c3d0c,KL0 96A,49.21346,-122.918432,21,2021/06/23,10:20:22
ec36a531-9f50-11ea-92cc-0afbea6c3d0c,KL1 91A,49.276033,-123.125973,92,2021/06/23,10:20:22
ec37616a-9f50-11ea-92cc-0afbea6c3d0c,EV0 97X,49.30947,-123.004692,27,2021/06/23,10:20:22
ec379f59-9f50-11ea-92cc-0afbea6c3d0c,KL2 12A,49.282202,-123.092519,56,2021/06/23,10:20:22
ec381e29-9f50-11ea-92cc-0afbea6c3d0c,KL0 41A,49.219593,-122.92285,94,2021/06/23,10:20:22
ec38da49-9f50-11ea-92cc-0afbea6c3d0c,KL1 76A,49.221813,-123.092334,43,2021/06/23,10:20:22
ec395c8b-9f50-11ea-92cc-0afbea6c3d0c,KL1 80A,49.218257,-123.130784,93,2021/06/23,10:20:22
ec39997c-9f50-11ea-92cc-0afbea6c3d0c,KL1 90A,49.26498,-123.25775,93,2021/06/23,10:20:22
ec39d744-9f50-11ea-92cc-0afbea6c3d0c,KL1 37A,49.269027,-123.250408,42,2021/06/23,10:20:22
ec3a8b1e-9f50-11ea-92cc-0afbea6c3d0c,KL2 41A,49.269922,-123.134929,57,2021/06/23,10:20:22
ec3b02dd-9f50-11ea-92cc-0afbea6c3d0c,KL1 99A,49.279834,-122.923324,18,2021/06/23,10:20:22
ec3b3f0c-9f50-11ea-92cc-0afbea6c3d0c,KL0 09A,49.283123,-123.098315,40,2021/06/23,10:20:22
ec3c3429-9f50-11ea-92cc-0afbea6c3d0c,KL2 09A,49.262863,-123.255192,60,2021/06/23,10:20:22
ec3d05aa-9f50-11ea-92cc-0afbea6c3d0c,KL2 38A,49.259806,-123.047105,52,2021/06/23,10:20:22
ec3d45db-9f50-11ea-92cc-0afbea6c3d0c,KL2 59A,49.237033,-123.112687,18,2021/06/23,10:20:22
ec3dfb31-9f50-11ea-92cc-0afbea6c3d0c,KL2 66A,49.283923,-123.090182,36,2021/06/23,10:20:22
ec3e37fd-9f50-11ea-92cc-0afbea6c3d0c,KL2 67A,49.202171,-123.023479,22,2021/06/23,10:20:22
ec3eb0a0-9f50-11ea-92cc-0afbea6c3d0c,KL1 98A,49.241948,-123.134588,36,2021/06/23,10:20:22
ec3f2f29-9f50-11ea-92cc-0afbea6c3d0c,KL2 01A,49.2834,-123.113875,20,2021/06/23,10:20:22
ec3fef5d-9f50-11ea-92cc-0afbea6c3d0c,KL0 18A,49.286755,-123.122109,40,2021/06/23,10:20:22
ec40e274-9f50-11ea-92cc-0afbea6c3d0c,KL2 10A,49.257883,-123.189265,61,2021/06/23,10:20:22
ec415c41-9f50-11ea-92cc-0afbea6c3d0c,KL1 26A,49.240008,-123.152575,33,2021/06/23,10:20:22
ec41995d-9f50-11ea-92cc-0afbea6c3d0c,KL2 58A,49.258461,-123.041008,68,2021/06/23,10:20:22
ec41def6-9f50-11ea-92cc-0afbea6c3d0c,KL1 20A,49.279943,-122.923669,26,2021/06/23,10:20:22
ec42220d-9f50-11ea-92cc-0afbea6c3d0c,KL0 02A,49.263555,-123.117595,30,2021/06/23,10:20:22
ec42e39f-9f50-11ea-92cc-0afbea6c3d0c,KL1 21A,49.211504,-123.063737,30,2021/06/23,10:20:22
ec43a2e0-9f50-11ea-92cc-0afbea6c3d0c,KL0 46A,49.281462,-123.087221,43,2021/06/23,10:20:22
ec446f21-9f50-11ea-92cc-0afbea6c3d0c,KL2 03A,49.268581,-123.081314,94,2021/06/23,10:20:22
ec4630de-9f50-11ea-92cc-0afbea6c3d0c,KL1 33A,49.262482,-123.254903,28,2021/06/23,10:20:22
ec46aa89-9f50-11ea-92cc-0afbea6c3d0c,KL2 40A,49.227313,-123.089145,28,2021/06/23,10:20:22
ec46e85a-9f50-11ea-92cc-0afbea6c3d0c,KL2 62A,49.219137,-123.04219,84,2021/06/23,10:20:22
ec472edc-9f50-11ea-92cc-0afbea6c3d0c,KL1 34A,49.286217,-123.112643,37,2021/06/23,10:20:22
ec476b85-9f50-11ea-92cc-0afbea6c3d0c,KL1 94A,49.205386,-122.904941,36,2021/06/23,10:20:22
ec47aee9-9f50-11ea-92cc-0afbea6c3d0c,KL1 92A,49.314466,-123.09939,25,2021/06/23,10:20:22
ec491b7a-9f50-11ea-92cc-0afbea6c3d0c,KL0 21A,49.282914,-123.097796,40,2021/06/23,10:20:22
ec49940a-9f50-11ea-92cc-0afbea6c3d0c,KL2 89A,49.242819,-123.025467,38,2021/06/23,10:20:22
ec4a0e22-9f50-11ea-92cc-0afbea6c3d0c,KL1 25A,49.24606,-123.067785,92,2021/06/23,10:20:22
ec4a49ba-9f50-11ea-92cc-0afbea6c3d0c,KL2 54A,49.274094,-123.051802,46,2021/06/23,10:20:22
ec4ac0b4-9f50-11ea-92cc-0afbea6c3d0c,KL1 93A,49.217193,-123.130017,50,2021/06/23,10:20:22
ec4bb12d-9f50-11ea-92cc-0afbea6c3d0c,KL2 07A,49.277129,-123.061713,57,2021/06/23,10:20:22
ec4c6a91-9f50-11ea-92cc-0afbea6c3d0c,KL2 46A,49.274166,-123.113184,88,2021/06/23,10:20:22
ec4d1fff-9f50-11ea-92cc-0afbea6c3d0c,KL2 27A,49.268078,-123.082167,90,2021/06/23,10:20:22
ec4d9880-9f50-11ea-92cc-0afbea6c3d0c,KL0 25A,49.247468,-123.140634,36,2021/06/23,10:20:22
ec4dd3f5-9f50-11ea-92cc-0afbea6c3d0c,KL1 87A,49.232166,-123.066725,84,2021/06/23,10:20:22
ec4e87af-9f50-11ea-92cc-0afbea6c3d0c,KL0 16A,49.282625,-123.119271,32,2021/06/23,10:20:22
ec4ff9a2-9f50-11ea-92cc-0afbea6c3d0c,KL0 32A,49.275784,-123.034768,52,2021/06/23,10:20:22
ec507b45-9f50-11ea-92cc-0afbea6c3d0c,KL1 70A,49.21019,-122.911874,37,2021/06/23,10:20:22
ec50f7ff-9f50-11ea-92cc-0afbea6c3d0c,KL0 01A,49.328235,-123.071163,31,2021/06/23,10:20:22
ec517291-9f50-11ea-92cc-0afbea6c3d0c,KL1 42A,49.249158,-123.130562,94,2021/06/23,10:20:22
ec51c277-9f50-11ea-92cc-0afbea6c3d0c,KL1 23A,49.222823,-122.89427,55,2021/06/23,10:20:22
ec52024c-9f50-11ea-92cc-0afbea6c3d0c,KL1 78A,49.266089,-123.258301,54,2021/06/23,10:20:22
ec524079-9f50-11ea-92cc-0afbea6c3d0c,KL0 14A,49.265661,-123.214832,26,2021/06/23,10:20:22
ec5337f1-9f50-11ea-92cc-0afbea6c3d0c,KL0 29A,49.263728,-123.207311,49,2021/06/23,10:20:22
ec5375e4-9f50-11ea-92cc-0afbea6c3d0c,KL1 13A,49.308989,-123.036373,18,2021/06/23,10:20:22
ec53b429-9f50-11ea-92cc-0afbea6c3d0c,KL2 44A,49.248529,-122.999127,31,2021/06/23,10:20:22
ec543252-9f50-11ea-92cc-0afbea6c3d0c,KL2 04A,49.246194,-123.123453,32,2021/06/23,10:20:22
ec546e3f-9f50-11ea-92cc-0afbea6c3d0c,KL2 50A,49.25904,-123.195191,56,2021/06/23,10:20:22
ec54ae1e-9f50-11ea-92cc-0afbea6c3d0c,KL2 31A,49.230585,-122.886354,85,2021/06/23,10:20:22
ec55e232-9f50-11ea-92cc-0afbea6c3d0c,KL2 56A,49.313181,-123.049702,43,2021/06/23,10:20:22
ec569654-9f50-11ea-92cc-0afbea6c3d0c,KL2 68A,49.224609,-122.894307,40,2021/06/23,10:20:22
ec57c47d-9f50-11ea-92cc-0afbea6c3d0c,KL1 69A,49.245228,-123.119881,87,2021/06/23,10:20:22
ec58010d-9f50-11ea-92cc-0afbea6c3d0c,KL0 30A,49.191607,-123.152427,37,2021/06/23,10:20:22
ec583fef-9f50-11ea-92cc-0afbea6c3d0c,KL0 04A,49.282994,-123.117883,88,2021/06/23,10:20:22
ec58c166-9f50-11ea-92cc-0afbea6c3d0c,KL2 34A,49.279888,-122.923654,75,2021/06/23,10:20:22
ec593e3b-9f50-11ea-92cc-0afbea6c3d0c,KL1 04A,49.213305,-123.106767,92,2021/06/23,10:20:22
ec597bf0-9f50-11ea-92cc-0afbea6c3d0c,KL2 24A,49.325959,-123.136266,68,2021/06/23,10:20:22
ec59bb40-9f50-11ea-92cc-0afbea6c3d0c,KL1 19A,49.265675,-123.110579,94,2021/06/23,10:20:22
ec5a7771-9f50-11ea-92cc-0afbea6c3d0c,KL0 37A,49.272444,-123.023779,27,2021/06/23,10:20:22
ec5ab859-9f50-11ea-92cc-0afbea6c3d0c,KL1 95A,49.310358,-123.039875,64,2021/06/23,10:20:22
ec5b6aac-9f50-11ea-92cc-0afbea6c3d0c,KL1 14A,49.259432,-123.141705,94,2021/06/23,10:20:22
ec5c0c87-9f50-11ea-92cc-0afbea6c3d0c,KL2 42A,49.266571,-123.110612,90,2021/06/23,10:20:22
ec5c4b11-9f50-11ea-92cc-0afbea6c3d0c,KL2 47A,49.20214,-123.023344,22,2021/06/23,10:20:22
ec5cc2a9-9f50-11ea-92cc-0afbea6c3d0c,EV0 95X,49.272915,-123.023804,78,2021/06/23,10:20:22
ec5d71e2-9f50-11ea-92cc-0afbea6c3d0c,KL1 36A,49.312698,-123.050466,52,2021/06/23,10:20:22
ec5dab7a-9f50-11ea-92cc-0afbea6c3d0c,KL1 29A,49.265604,-123.107056,94,2021/06/23,10:20:22
ec5ed6f3-9f50-11ea-92cc-0afbea6c3d0c,KL0 08A,49.30948,-123.004689,68,2021/06/23,10:20:22
ec5f1026-9f50-11ea-92cc-0afbea6c3d0c,KL0 24A,49.283588,-123.114548,62,2021/06/23,10:20:22
ec5f95e0-9f50-11ea-92cc-0afbea6c3d0c,KL2 75A,49.283316,-123.109291,25,2021/06/23,10:20:22
ec5fd740-9f50-11ea-92cc-0afbea6c3d0c,KL2 51A,49.265203,-123.023825,24,2021/06/23,10:20:22
ec609290-9f50-11ea-92cc-0afbea6c3d0c,KL2 53A,49.212209,-123.054996,56,2021/06/23,10:20:22
ec610e4d-9f50-11ea-92cc-0afbea6c3d0c,KL1 30A,49.275625,-123.074537,39,2021/06/23,10:20:22
ec62f05f-9f50-11ea-92cc-0afbea6c3d0c,KL0 23A,49.326528,-123.062992,16,2021/06/23,10:20:22
ec63a430-9f50-11ea-92cc-0afbea6c3d0c,KL1 72A,49.277321,-122.90979,62,2021/06/23,10:20:22
ec641d94-9f50-11ea-92cc-0afbea6c3d0c,KL0 15A,49.282957,-123.117955,52,2021/06/23,10:20:22
ec6494dc-9f50-11ea-92cc-0afbea6c3d0c,KL0 12A,49.270808,-123.023818,81,2021/06/23,10:20:22
ec650d78-9f50-11ea-92cc-0afbea6c3d0c,EV0 83X,49.321278,-123.092296,68,2021/06/23,10:20:22
ec654a71-9f50-11ea-92cc-0afbea6c3d0c,KL2 74A,49.246197,-123.124291,25,2021/06/23,10:20:22
ec65c569-9f50-11ea-92cc-0afbea6c3d0c,KL1 96A,49.247376,-123.18473,94,2021/06/23,10:20:22
ec6600f9-9f50-11ea-92cc-0afbea6c3d0c,EV0 82X,49.314503,-123.093935,33,2021/06/23,10:20:22
ec6679d7-9f50-11ea-92cc-0afbea6c3d0c,KL1 03A,49.266048,-123.258366,52,2021/06/23,10:20:22
ec672b35-9f50-11ea-92cc-0afbea6c3d0c,KL0 20A,49.20845,-122.903676,52,2021/06/23,10:20:22
ec6861c6-9f50-11ea-92cc-0afbea6c3d0c,KL1 32A,49.213345,-123.10805,37,2021/06/23,10:20:22
ec68e2e3-9f50-11ea-92cc-0afbea6c3d0c,KL2 60A,49.25422,-123.024218,28,2021/06/23,10:20:22
ec691fe7-9f50-11ea-92cc-0afbea6c3d0c,KL0 19A,49.245887,-123.190882,94,2021/06/23,10:20:22
ec69d536-9f50-11ea-92cc-0afbea6c3d0c,KL0 27A,49.240049,-123.153465,60,2021/06/23,10:20:22
ec6a0ec2-9f50-11ea-92cc-0afbea6c3d0c,KL0 03A,49.286772,-123.120712,61,2021/06/23,10:20:22
ec6a4e01-9f50-11ea-92cc-0afbea6c3d0c,KL0 39A,49.242973,-123.165562,42,2021/06/23,10:20:22
ec6a8a70-9f50-11ea-92cc-0afbea6c3d0c,KL1 89A,49.309769,-123.075843,75,2021/06/23,10:20:22
ec6ac9b5-9f50-11ea-92cc-0afbea6c3d0c,KL1 79A,49.211376,-122.920643,42,2021/06/23,10:20:22
ec6b06ab-9f50-11ea-92cc-0afbea6c3d0c,KL1 65A,49.262432,-123.25465,13,2021/06/23,10:20:22
ec6b7d84-9f50-11ea-92cc-0afbea6c3d0c,EV0 91X,49.261472,-123.242816,52,2021/06/23,10:20:22
ec6bb9ee-9f50-11ea-92cc-0afbea6c3d0c,KL2 77A,49.282518,-123.119054,76,2021/06/23,10:20:22
ec6bf7b5-9f50-11ea-92cc-0afbea6c3d0c,KL1 48A,49.32824,-123.07142,20,2021/06/23,10:20:22
ec6d7739-9f50-11ea-92cc-0afbea6c3d0c,KL0 35A,49.225175,-122.998667,94,2021/06/23,10:20:22
ec6deeff-9f50-11ea-92cc-0afbea6c3d0c,KL0 26A,49.252051,-123.062021,36,2021/06/23,10:20:22
ec6e2c77-9f50-11ea-92cc-0afbea6c3d0c,KL1 43A,49.284332,-123.093401,30,2021/06/23,10:20:22
ec6e684c-9f50-11ea-92cc-0afbea6c3d0c,KL1 83A,49.269918,-123.039026,69,2021/06/23,10:20:22
ec6f2769-9f50-11ea-92cc-0afbea6c3d0c,KL1 35A,49.326229,-123.066356,87,2021/06/23,10:20:22
ec6f65f7-9f50-11ea-92cc-0afbea6c3d0c,KL1 75A,49.258447,-123.211363,70,2021/06/23,10:20:22
ec701f97-9f50-11ea-92cc-0afbea6c3d0c,KL2 19A,49.240025,-123.153527,50,2021/06/23,10:20:22
ec8e7b15-6138-4c13-a745-5da90bc69113,HG2 44M,49.244985,-123.15248,22,2021/06/23,10:20:22
ec9f2087-be49-4a1c-86e9-631402f5f280,BE3 26P,49.274154,-123.151938,39,2021/06/23,10:20:22
ecc36800-1261-435d-8060-9084cefbc94a,AE2 43K,49.24317,-123.15889,94,2021/06/23,10:20:22
ed35ec80-2dc1-414f-ba0d-d85eaf615b0d,HE3 57J,49.261492,-123.242749,57,2021/06/23,10:20:22
ed4eacc3-fbbf-47b4-85c6-e6054c81e625,EV0 01C,49.264321,-123.129864,40,2021/06/23,10:20:22
ed6907e0-2f78-4844-a493-6913e6f49d62,AE1 54K,49.282208,-123.115381,90,2021/06/23,10:20:22
ed734f38-0c97-48ae-b868-dc7d7e49b627,EV0 45B,49.290666,-123.024152,51,2021/06/23,10:20:22
edc1769f-2a22-480b-907b-fdc33e14ebb5,CR3 34N,49.285143,-123.117186,61,2021/06/23,10:20:22
ee204ed3-25d7-4cb2-95a4-34026697aee9,BV3 03D,49.242725,-123.124218,22,2021/06/23,10:20:22
ee22eb99-1a2a-4cfc-a885-8effc21c52ec,EV0 30X,49.271602,-123.023782,54,2021/06/23,10:20:22
ee261c1f-da6f-4dbd-b7dd-7fb386824a17,EV0 07B,49.318131,-123.097691,46,2021/06/23,10:20:22
ee276cee-0dfe-4bc8-befd-846f9c60d20e,DN9 11K,49.282879,-123.118642,57,2021/06/23,10:20:22
ef15a0f7-e239-48e4-882a-b311b75035c0,DN7 81K,49.309317,-123.00462,57,2021/06/23,10:20:22
ef2a5d76-3b16-4550-8b81-b062b221ec75,EV0 86A,49.246227,-123.123984,16,2021/06/23,10:20:22
ef2b43a9-037b-45ef-b1b7-f35416045886,EV0 32A,49.229062,-123.030578,27,2021/06/23,10:20:22
ef305c6a-180f-4614-9a18-2750e828964a,HM8 32D,49.269044,-123.250875,66,2021/06/23,10:20:22
ef3cd48a-3daa-44b8-8df6-3919d99f378c,BE3 44P,49.227007,-123.11595,75,2021/06/23,10:20:22
f0014527-86e3-48d1-913d-4a5587bfef8a,CR3 14N,49.28756,-123.120195,66,2021/06/23,10:20:22
f0b19c93-9cbf-4bef-b490-c28ac8d10cf0,DN7 23K,49.27596,-123.214846,54,2021/06/23,10:20:22
f1502c6b-167b-4f56-8706-2858272d1a57,CH7 03A,49.282144,-123.090269,46,2021/06/23,10:20:22
f1777e58-0595-4149-936b-481d352f986e,DN7 44K,49.215659,-122.899854,34,2021/06/23,10:20:22
f1d95a49-cb31-4c99-9d9d-d9d27049375e,EV0 49B,49.261679,-123.044111,76,2021/06/23,10:20:22
f1d9f20f-acc2-49f0-8e94-229b399a69ac,CR3 01N,49.287682,-123.048363,45,2021/06/23,10:20:22
f205054f-68c0-43ba-9710-e2a5616fcb63,CH7 17A,49.271337,-123.034915,94,2021/06/23,10:20:22
f229c976-268a-4485-8dd0-2e14436716c7,CH7 28A,49.212352,-122.919841,27,2021/06/23,10:20:22
f234935d-bfa2-4fd3-ab9a-2e1ac9375e1d,EV0 37B,49.311,-123.076478,48,2021/06/23,10:20:22
f3b38b6f-a59d-45cf-b4b4-10fbc30091ec,HG2 27M,49.202203,-123.023494,25,2021/06/23,10:20:22
f3e37212-bc77-4b2c-a8f3-989fadea678d,CH6 80A,49.244474,-123.128359,48,2021/06/23,10:20:22
f4e6d3c9-47f2-41f1-9ad7-2a89075b0f0e,HG2 35M,49.219353,-122.926059,88,2021/06/23,10:20:22
f57950b5-416d-47d1-b0d9-f06921186abd,EV0 71X,49.239715,-123.123599,49,2021/06/23,10:20:22
f5ed4ac9-646e-47e4-8da2-d0c4ae1312e3,DN6 76K,49.262507,-123.254878,48,2021/06/23,10:20:22
f689d237-3d94-4f2f-a437-2a3ad9080734,HG2 01M,49.248504,-122.998821,19,2021/06/23,10:20:22
f74e3e58-9253-467c-91bd-183b65bdbf52,CH6 96A,49.257335,-123.033648,78,2021/06/23,10:20:22
f8e54885-664a-4210-bc40-4c2a2f6ec27a,HG2 17M,49.266629,-123.030004,97,2021/06/23,10:20:22
f8ecb003-d23c-4b65-b1b5-0e2957bccf5d,EF9 16D,49.262914,-123.119813,97,2021/06/23,10:20:22
f8fd7743-b40d-48f6-abd7-6211e3154044,DN8 61K,49.252726,-123.090667,75,2021/06/23,10:20:22
f9612ed2-80eb-4385-9a45-5ab44e79429a,EV0 32X,49.208309,-122.911798,40,2021/06/23,10:20:22
f965924a-5019-4ac0-8c64-4c1adda9eaa6,DN7 55K,49.224646,-123.101371,85,2021/06/23,10:20:22
f97b8eaf-4433-4f5a-b776-23b5adf633d1,HG2 83M,49.254271,-123.003887,84,2021/06/23,10:20:22
f99659e7-bac3-4bf9-900d-5c3b7db45b72,DN6 92K,49.217282,-123.133813,61,2021/06/23,10:20:22
f9b32735-f5fd-4f03-87c4-b2608f5b4670,HG1 80M,49.291818,-123.051045,79,2021/06/23,10:20:22
f9ee312f-e079-4f1b-854c-dd112957820c,HG1 44M,49.30981,-123.042027,36,2021/06/23,10:20:22
fa0393ea-267c-4a5b-a4a1-242d70a8c68d,HM7 88D,49.285542,-123.118087,46,2021/06/23,10:20:22
fa400fab-9cd9-4049-9464-a24315ce6956,HG2 33M,49.266016,-123.258512,48,2021/06/23,10:20:22
fa56a52c-d9d3-470b-9116-96ca21895cdb,BE2 56P,49.313566,-123.096478,58,2021/06/23,10:20:22
fa5f9db4-376f-4039-8c5c-15e3ee93372b,CH5 87A,49.262401,-123.254665,97,2021/06/23,10:20:22
fa6ea218-d493-406a-9790-511d359300a9,EV0 54B,49.209779,-122.901207,85,2021/06/23,10:20:22
fa8aae8e-c2cc-4a59-a625-1b9dff239177,HM7 85D,49.22505,-123.112916,97,2021/06/23,10:20:22
fa9a7bf5-568b-466f-b691-c3577e8ac671,CH7 36A,49.225515,-123.056052,69,2021/06/23,10:20:22
fac7b75a-9c05-432d-86ed-e8605d82851d,CR3 02N,49.221696,-123.138342,97,2021/06/23,10:20:22
fba1d1b1-cfba-41b2-be47-75b1605cad37,HG1 60M,49.269826,-123.134532,33,2021/06/23,10:20:22
fbb6c314-ef37-437b-9239-34894f02f215,CH5 99A,49.21917,-123.098709,97,2021/06/23,10:20:22
fbdb0a25-b062-4895-ae58-907160d9e239,EV0 15C,49.283977,-123.088682,96,2021/06/23,10:20:22
fbfaedc2-c800-4a5d-835a-d09212465209,HG1 28M,49.289691,-123.052892,97,2021/06/23,10:20:22
fc182a62-6131-4844-99df-1602501cfa16,HG1 71M,49.283333,-123.030821,58,2021/06/23,10:20:22
fc7fa184-efce-4031-84b2-707759042277,AE1 16K,49.276766,-123.073992,13,2021/06/23,10:20:22
fcc87243-7d2e-40e3-b01a-11530a7ace46,CR2 86N,49.26975,-123.139706,36,2021/06/23,10:20:22
fd116e74-144c-46a4-88ab-c9f5bdc3a859,EF9 12D,49.269059,-123.248283,97,2021/06/23,10:20:22
fd1f9b9d-d14b-4b6b-8920-af2efb592b8e,BV3 16D,49.282544,-123.119421,69,2021/06/23,10:20:22
fd21af9b-8f11-413b-9c00-0325a1c4f68b,DN7 43K,49.28364,-123.110532,31,2021/06/23,10:20:22
fd3e2ab8-b2f4-438d-9666-3d929ccc20f0,CH6 58A,49.254503,-123.161176,45,2021/06/23,10:20:22
fd64be5d-c6d5-44d8-84a7-21786b1a06cc,BV2 83D,49.207127,-123.139615,46,2021/06/23,10:20:22
fdbe0f24-003e-401d-baa9-42b1208b2f4a,CH6 92A,49.267228,-123.20861,87,2021/06/23,10:20:22
fe0e447e-996a-4eec-9ef2-15107a01ce31,DN7 93K,49.191563,-123.15243,28,2021/06/23,10:20:22
fe212997-444f-403c-b0e9-f4ea427dc67c,BV2 90D,49.251724,-123.151033,21,2021/06/23,10:20:22
fe4791f8-47cd-44b1-93ec-3d8a5e18ecc3,HG1 12M,49.191579,-123.152565,19,2021/06/23,10:20:22
fe6ed832-e2f8-4a69-a19c-d658c1ff9f7a,CR3 47N,49.265064,-123.249869,97,2021/06/23,10:20:22
febb3055-adc8-42d7-b876-f0494fd92303,EV0 13C,49.208859,-122.912013,42,2021/06/23,10:20:22
ff24c540-a70c-4741-a87f-0084161df3de,HM7 76D,49.267566,-123.25747,97,2021/06/23,10:20:22
ff53dbe9-535b-42f1-8c15-21e18e619930,BE3 27P,49.270624,-123.141447,96,2021/06/23,10:20:22
ff77671a-06c6-48e0-987c-c6a243b77197,DN8 98K,49.307568,-123.071342,97,2021/06/23,10:20:22
